row,col,lat_center,lon_center,url,lat_min,lat_max,lon_min,lon_max
0,0,31.54464736,34.45241857199999,"https://earth.google.com/web/@31.54464736,34.45241857,75.0a,500d,35y,0h,0t,0r",31.543190258219933,31.545922461780062,34.449254668898156,34.455572475101825
0,1,31.54464736,34.45863966599999,"https://earth.google.com/web/@31.54464736,34.45863967,75.0a,500d,35y,0h,0t,0r",31.543190258219933,31.545922461780062,34.45547576289815,34.46179356910182
0,2,31.54464736,34.46486075999999,"https://earth.google.com/web/@31.54464736,34.46486076,75.0a,500d,35y,0h,0t,0r",31.543190258219933,31.545922461780062,34.46169685689816,34.468014663101826
0,3,31.54464736,34.47108185399999,"https://earth.google.com/web/@31.54464736,34.47108185,75.0a,500d,35y,0h,0t,0r",31.543190258219933,31.545922461780062,34.467917950898155,34.47423575710182
0,4,31.54464736,34.477302947999995,"https://earth.google.com/web/@31.54464736,34.47730295,75.0a,500d,35y,0h,0t,0r",31.543190258219933,31.545922461780062,34.47413904489816,34.48045685110183
0,5,31.54464736,34.48352404199999,"https://earth.google.com/web/@31.54464736,34.48352404,75.0a,500d,35y,0h,0t,0r",31.543190258219933,31.545922461780062,34.480360138898156,34.486677945101825
0,6,31.54464736,34.48974513599999,"https://earth.google.com/web/@31.54464736,34.48974514,75.0a,500d,35y,0h,0t,0r",31.543190258219933,31.545922461780062,34.48658123289815,34.49289903910182
0,7,31.54464736,34.49596622999999,"https://earth.google.com/web/@31.54464736,34.49596623,75.0a,500d,35y,0h,0t,0r",31.543190258219933,31.545922461780062,34.49280232689816,34.499120133101826
0,8,31.54464736,34.50218732399999,"https://earth.google.com/web/@31.54464736,34.50218732,75.0a,500d,35y,0h,0t,0r",31.543190258219933,31.545922461780062,34.499023420898155,34.50534122710182
0,9,31.54464736,34.508408417999995,"https://earth.google.com/web/@31.54464736,34.50840842,75.0a,500d,35y,0h,0t,0r",31.543190258219933,31.545922461780062,34.50524451489816,34.51156232110183
0,10,31.54464736,34.51462951199999,"https://earth.google.com/web/@31.54464736,34.51462951,75.0a,500d,35y,0h,0t,0r",31.543190258219933,31.545922461780062,34.511465608898156,34.517783415101825
0,11,31.54464736,34.52085060599999,"https://earth.google.com/web/@31.54464736,34.52085061,75.0a,500d,35y,0h,0t,0r",31.543190258219933,31.545922461780062,34.51768670289815,34.52400450910182
0,12,31.54464736,34.52707169999999,"https://earth.google.com/web/@31.54464736,34.52707170,75.0a,500d,35y,0h,0t,0r",31.543190258219933,31.545922461780062,34.52390779689816,34.530225603101826
0,13,31.54464736,34.53329279399999,"https://earth.google.com/web/@31.54464736,34.53329279,75.0a,500d,35y,0h,0t,0r",31.543190258219933,31.545922461780062,34.530128890898155,34.53644669710182
0,14,31.54464736,34.539513887999995,"https://earth.google.com/web/@31.54464736,34.53951389,75.0a,500d,35y,0h,0t,0r",31.543190258219933,31.545922461780062,34.53634998489816,34.54266779110183
0,15,31.54464736,34.54573498199999,"https://earth.google.com/web/@31.54464736,34.54573498,75.0a,500d,35y,0h,0t,0r",31.543190258219933,31.545922461780062,34.542571078898156,34.548888885101825
0,16,31.54464736,34.55195607599999,"https://earth.google.com/web/@31.54464736,34.55195608,75.0a,500d,35y,0h,0t,0r",31.543190258219933,31.545922461780062,34.54879217289815,34.55510997910182
1,0,31.54206238,34.45241857199999,"https://earth.google.com/web/@31.54206238,34.45241857,75.0a,500d,35y,0h,0t,0r",31.540605278219935,31.543337481780064,34.449254668898156,34.455572475101825
1,1,31.54206238,34.45863966599999,"https://earth.google.com/web/@31.54206238,34.45863967,75.0a,500d,35y,0h,0t,0r",31.540605278219935,31.543337481780064,34.45547576289815,34.46179356910182
1,2,31.54206238,34.46486075999999,"https://earth.google.com/web/@31.54206238,34.46486076,75.0a,500d,35y,0h,0t,0r",31.540605278219935,31.543337481780064,34.46169685689816,34.468014663101826
1,3,31.54206238,34.47108185399999,"https://earth.google.com/web/@31.54206238,34.47108185,75.0a,500d,35y,0h,0t,0r",31.540605278219935,31.543337481780064,34.467917950898155,34.47423575710182
1,4,31.54206238,34.477302947999995,"https://earth.google.com/web/@31.54206238,34.47730295,75.0a,500d,35y,0h,0t,0r",31.540605278219935,31.543337481780064,34.47413904489816,34.48045685110183
1,5,31.54206238,34.48352404199999,"https://earth.google.com/web/@31.54206238,34.48352404,75.0a,500d,35y,0h,0t,0r",31.540605278219935,31.543337481780064,34.480360138898156,34.486677945101825
1,6,31.54206238,34.48974513599999,"https://earth.google.com/web/@31.54206238,34.48974514,75.0a,500d,35y,0h,0t,0r",31.540605278219935,31.543337481780064,34.48658123289815,34.49289903910182
1,7,31.54206238,34.49596622999999,"https://earth.google.com/web/@31.54206238,34.49596623,75.0a,500d,35y,0h,0t,0r",31.540605278219935,31.543337481780064,34.49280232689816,34.499120133101826
1,8,31.54206238,34.50218732399999,"https://earth.google.com/web/@31.54206238,34.50218732,75.0a,500d,35y,0h,0t,0r",31.540605278219935,31.543337481780064,34.499023420898155,34.50534122710182
1,9,31.54206238,34.508408417999995,"https://earth.google.com/web/@31.54206238,34.50840842,75.0a,500d,35y,0h,0t,0r",31.540605278219935,31.543337481780064,34.50524451489816,34.51156232110183
1,10,31.54206238,34.51462951199999,"https://earth.google.com/web/@31.54206238,34.51462951,75.0a,500d,35y,0h,0t,0r",31.540605278219935,31.543337481780064,34.511465608898156,34.517783415101825
1,11,31.54206238,34.52085060599999,"https://earth.google.com/web/@31.54206238,34.52085061,75.0a,500d,35y,0h,0t,0r",31.540605278219935,31.543337481780064,34.51768670289815,34.52400450910182
1,12,31.54206238,34.52707169999999,"https://earth.google.com/web/@31.54206238,34.52707170,75.0a,500d,35y,0h,0t,0r",31.540605278219935,31.543337481780064,34.52390779689816,34.530225603101826
1,13,31.54206238,34.53329279399999,"https://earth.google.com/web/@31.54206238,34.53329279,75.0a,500d,35y,0h,0t,0r",31.540605278219935,31.543337481780064,34.530128890898155,34.53644669710182
1,14,31.54206238,34.539513887999995,"https://earth.google.com/web/@31.54206238,34.53951389,75.0a,500d,35y,0h,0t,0r",31.540605278219935,31.543337481780064,34.53634998489816,34.54266779110183
1,15,31.54206238,34.54573498199999,"https://earth.google.com/web/@31.54206238,34.54573498,75.0a,500d,35y,0h,0t,0r",31.540605278219935,31.543337481780064,34.542571078898156,34.548888885101825
2,0,31.5394774,34.446197477999995,"https://earth.google.com/web/@31.53947740,34.44619748,75.0a,500d,35y,0h,0t,0r",31.538020298219934,31.540752501780062,34.44303357489816,34.44935138110183
2,1,31.5394774,34.45241857199999,"https://earth.google.com/web/@31.53947740,34.45241857,75.0a,500d,35y,0h,0t,0r",31.538020298219934,31.540752501780062,34.449254668898156,34.455572475101825
2,2,31.5394774,34.458639666,"https://earth.google.com/web/@31.53947740,34.45863967,75.0a,500d,35y,0h,0t,0r",31.538020298219934,31.540752501780062,34.45547576289817,34.461793569101836
2,3,31.5394774,34.46486075999999,"https://earth.google.com/web/@31.53947740,34.46486076,75.0a,500d,35y,0h,0t,0r",31.538020298219934,31.540752501780062,34.46169685689816,34.468014663101826
2,4,31.5394774,34.471081854,"https://earth.google.com/web/@31.53947740,34.47108185,75.0a,500d,35y,0h,0t,0r",31.538020298219934,31.540752501780062,34.46791795089816,34.47423575710183
2,5,31.5394774,34.477302947999995,"https://earth.google.com/web/@31.53947740,34.47730295,75.0a,500d,35y,0h,0t,0r",31.538020298219934,31.540752501780062,34.47413904489816,34.48045685110183
2,6,31.5394774,34.48352404199999,"https://earth.google.com/web/@31.53947740,34.48352404,75.0a,500d,35y,0h,0t,0r",31.538020298219934,31.540752501780062,34.480360138898156,34.486677945101825
2,7,31.5394774,34.489745136,"https://earth.google.com/web/@31.53947740,34.48974514,75.0a,500d,35y,0h,0t,0r",31.538020298219934,31.540752501780062,34.48658123289817,34.492899039101836
2,8,31.5394774,34.49596622999999,"https://earth.google.com/web/@31.53947740,34.49596623,75.0a,500d,35y,0h,0t,0r",31.538020298219934,31.540752501780062,34.49280232689816,34.499120133101826
2,9,31.5394774,34.502187324,"https://earth.google.com/web/@31.53947740,34.50218732,75.0a,500d,35y,0h,0t,0r",31.538020298219934,31.540752501780062,34.49902342089816,34.50534122710183
2,10,31.5394774,34.508408417999995,"https://earth.google.com/web/@31.53947740,34.50840842,75.0a,500d,35y,0h,0t,0r",31.538020298219934,31.540752501780062,34.50524451489816,34.51156232110183
2,11,31.5394774,34.51462951199999,"https://earth.google.com/web/@31.53947740,34.51462951,75.0a,500d,35y,0h,0t,0r",31.538020298219934,31.540752501780062,34.511465608898156,34.517783415101825
2,12,31.5394774,34.520850606,"https://earth.google.com/web/@31.53947740,34.52085061,75.0a,500d,35y,0h,0t,0r",31.538020298219934,31.540752501780062,34.51768670289817,34.524004509101836
2,13,31.5394774,34.52707169999999,"https://earth.google.com/web/@31.53947740,34.52707170,75.0a,500d,35y,0h,0t,0r",31.538020298219934,31.540752501780062,34.52390779689816,34.530225603101826
2,14,31.5394774,34.533292794,"https://earth.google.com/web/@31.53947740,34.53329279,75.0a,500d,35y,0h,0t,0r",31.538020298219934,31.540752501780062,34.53012889089816,34.53644669710183
2,15,31.5394774,34.539513887999995,"https://earth.google.com/web/@31.53947740,34.53951389,75.0a,500d,35y,0h,0t,0r",31.538020298219934,31.540752501780062,34.53634998489816,34.54266779110183
2,16,31.5394774,34.54573498199999,"https://earth.google.com/web/@31.53947740,34.54573498,75.0a,500d,35y,0h,0t,0r",31.538020298219934,31.540752501780062,34.542571078898156,34.548888885101825
3,0,31.53689242,34.446197477999995,"https://earth.google.com/web/@31.53689242,34.44619748,75.0a,500d,35y,0h,0t,0r",31.535435318219935,31.538167521780064,34.44303357489816,34.44935138110183
3,1,31.53689242,34.45241857199999,"https://earth.google.com/web/@31.53689242,34.45241857,75.0a,500d,35y,0h,0t,0r",31.535435318219935,31.538167521780064,34.449254668898156,34.455572475101825
3,2,31.53689242,34.458639666,"https://earth.google.com/web/@31.53689242,34.45863967,75.0a,500d,35y,0h,0t,0r",31.535435318219935,31.538167521780064,34.45547576289817,34.461793569101836
3,3,31.53689242,34.46486075999999,"https://earth.google.com/web/@31.53689242,34.46486076,75.0a,500d,35y,0h,0t,0r",31.535435318219935,31.538167521780064,34.46169685689816,34.468014663101826
3,4,31.53689242,34.471081854,"https://earth.google.com/web/@31.53689242,34.47108185,75.0a,500d,35y,0h,0t,0r",31.535435318219935,31.538167521780064,34.46791795089816,34.47423575710183
3,5,31.53689242,34.477302947999995,"https://earth.google.com/web/@31.53689242,34.47730295,75.0a,500d,35y,0h,0t,0r",31.535435318219935,31.538167521780064,34.47413904489816,34.48045685110183
3,6,31.53689242,34.48352404199999,"https://earth.google.com/web/@31.53689242,34.48352404,75.0a,500d,35y,0h,0t,0r",31.535435318219935,31.538167521780064,34.480360138898156,34.486677945101825
3,7,31.53689242,34.489745136,"https://earth.google.com/web/@31.53689242,34.48974514,75.0a,500d,35y,0h,0t,0r",31.535435318219935,31.538167521780064,34.48658123289817,34.492899039101836
3,8,31.53689242,34.49596622999999,"https://earth.google.com/web/@31.53689242,34.49596623,75.0a,500d,35y,0h,0t,0r",31.535435318219935,31.538167521780064,34.49280232689816,34.499120133101826
3,9,31.53689242,34.502187324,"https://earth.google.com/web/@31.53689242,34.50218732,75.0a,500d,35y,0h,0t,0r",31.535435318219935,31.538167521780064,34.49902342089816,34.50534122710183
3,10,31.53689242,34.508408417999995,"https://earth.google.com/web/@31.53689242,34.50840842,75.0a,500d,35y,0h,0t,0r",31.535435318219935,31.538167521780064,34.50524451489816,34.51156232110183
3,11,31.53689242,34.51462951199999,"https://earth.google.com/web/@31.53689242,34.51462951,75.0a,500d,35y,0h,0t,0r",31.535435318219935,31.538167521780064,34.511465608898156,34.517783415101825
3,12,31.53689242,34.520850606,"https://earth.google.com/web/@31.53689242,34.52085061,75.0a,500d,35y,0h,0t,0r",31.535435318219935,31.538167521780064,34.51768670289817,34.524004509101836
3,13,31.53689242,34.52707169999999,"https://earth.google.com/web/@31.53689242,34.52707170,75.0a,500d,35y,0h,0t,0r",31.535435318219935,31.538167521780064,34.52390779689816,34.530225603101826
3,14,31.53689242,34.533292794,"https://earth.google.com/web/@31.53689242,34.53329279,75.0a,500d,35y,0h,0t,0r",31.535435318219935,31.538167521780064,34.53012889089816,34.53644669710183
3,15,31.53689242,34.539513887999995,"https://earth.google.com/web/@31.53689242,34.53951389,75.0a,500d,35y,0h,0t,0r",31.535435318219935,31.538167521780064,34.53634998489816,34.54266779110183
4,0,31.53430744,34.439976384,"https://earth.google.com/web/@31.53430744,34.43997638,75.0a,500d,35y,0h,0t,0r",31.532850338219934,31.535582541780062,34.43681248089816,34.44313028710183
4,1,31.53430744,34.446197477999995,"https://earth.google.com/web/@31.53430744,34.44619748,75.0a,500d,35y,0h,0t,0r",31.532850338219934,31.535582541780062,34.44303357489816,34.44935138110183
4,2,31.53430744,34.452418572,"https://earth.google.com/web/@31.53430744,34.45241857,75.0a,500d,35y,0h,0t,0r",31.532850338219934,31.535582541780062,34.44925466889816,34.45557247510183
4,3,31.53430744,34.458639666,"https://earth.google.com/web/@31.53430744,34.45863967,75.0a,500d,35y,0h,0t,0r",31.532850338219934,31.535582541780062,34.45547576289817,34.461793569101836
4,4,31.53430744,34.46486076,"https://earth.google.com/web/@31.53430744,34.46486076,75.0a,500d,35y,0h,0t,0r",31.532850338219934,31.535582541780062,34.461696856898165,34.46801466310183
4,5,31.53430744,34.471081854,"https://earth.google.com/web/@31.53430744,34.47108185,75.0a,500d,35y,0h,0t,0r",31.532850338219934,31.535582541780062,34.46791795089816,34.47423575710183
4,6,31.53430744,34.477302947999995,"https://earth.google.com/web/@31.53430744,34.47730295,75.0a,500d,35y,0h,0t,0r",31.532850338219934,31.535582541780062,34.47413904489816,34.48045685110183
4,7,31.53430744,34.483524042,"https://earth.google.com/web/@31.53430744,34.48352404,75.0a,500d,35y,0h,0t,0r",31.532850338219934,31.535582541780062,34.48036013889816,34.48667794510183
4,8,31.53430744,34.489745136,"https://earth.google.com/web/@31.53430744,34.48974514,75.0a,500d,35y,0h,0t,0r",31.532850338219934,31.535582541780062,34.48658123289817,34.492899039101836
4,9,31.53430744,34.49596623,"https://earth.google.com/web/@31.53430744,34.49596623,75.0a,500d,35y,0h,0t,0r",31.532850338219934,31.535582541780062,34.492802326898165,34.49912013310183
4,10,31.53430744,34.502187324,"https://earth.google.com/web/@31.53430744,34.50218732,75.0a,500d,35y,0h,0t,0r",31.532850338219934,31.535582541780062,34.49902342089816,34.50534122710183
4,11,31.53430744,34.508408417999995,"https://earth.google.com/web/@31.53430744,34.50840842,75.0a,500d,35y,0h,0t,0r",31.532850338219934,31.535582541780062,34.50524451489816,34.51156232110183
4,12,31.53430744,34.514629512,"https://earth.google.com/web/@31.53430744,34.51462951,75.0a,500d,35y,0h,0t,0r",31.532850338219934,31.535582541780062,34.51146560889816,34.51778341510183
4,13,31.53430744,34.520850606,"https://earth.google.com/web/@31.53430744,34.52085061,75.0a,500d,35y,0h,0t,0r",31.532850338219934,31.535582541780062,34.51768670289817,34.524004509101836
4,14,31.53430744,34.5270717,"https://earth.google.com/web/@31.53430744,34.52707170,75.0a,500d,35y,0h,0t,0r",31.532850338219934,31.535582541780062,34.523907796898165,34.53022560310183
4,15,31.53430744,34.533292794,"https://earth.google.com/web/@31.53430744,34.53329279,75.0a,500d,35y,0h,0t,0r",31.532850338219934,31.535582541780062,34.53012889089816,34.53644669710183
4,16,31.53430744,34.539513887999995,"https://earth.google.com/web/@31.53430744,34.53951389,75.0a,500d,35y,0h,0t,0r",31.532850338219934,31.535582541780062,34.53634998489816,34.54266779110183
5,0,31.53172246,34.439976384,"https://earth.google.com/web/@31.53172246,34.43997638,75.0a,500d,35y,0h,0t,0r",31.530265358219935,31.532997561780064,34.43681248089816,34.44313028710183
5,1,31.53172246,34.446197477999995,"https://earth.google.com/web/@31.53172246,34.44619748,75.0a,500d,35y,0h,0t,0r",31.530265358219935,31.532997561780064,34.44303357489816,34.44935138110183
5,2,31.53172246,34.452418572,"https://earth.google.com/web/@31.53172246,34.45241857,75.0a,500d,35y,0h,0t,0r",31.530265358219935,31.532997561780064,34.44925466889816,34.45557247510183
5,3,31.53172246,34.458639666,"https://earth.google.com/web/@31.53172246,34.45863967,75.0a,500d,35y,0h,0t,0r",31.530265358219935,31.532997561780064,34.45547576289817,34.461793569101836
5,4,31.53172246,34.46486076,"https://earth.google.com/web/@31.53172246,34.46486076,75.0a,500d,35y,0h,0t,0r",31.530265358219935,31.532997561780064,34.461696856898165,34.46801466310183
5,5,31.53172246,34.471081854,"https://earth.google.com/web/@31.53172246,34.47108185,75.0a,500d,35y,0h,0t,0r",31.530265358219935,31.532997561780064,34.46791795089816,34.47423575710183
5,6,31.53172246,34.477302947999995,"https://earth.google.com/web/@31.53172246,34.47730295,75.0a,500d,35y,0h,0t,0r",31.530265358219935,31.532997561780064,34.47413904489816,34.48045685110183
5,7,31.53172246,34.483524042,"https://earth.google.com/web/@31.53172246,34.48352404,75.0a,500d,35y,0h,0t,0r",31.530265358219935,31.532997561780064,34.48036013889816,34.48667794510183
5,8,31.53172246,34.489745136,"https://earth.google.com/web/@31.53172246,34.48974514,75.0a,500d,35y,0h,0t,0r",31.530265358219935,31.532997561780064,34.48658123289817,34.492899039101836
5,9,31.53172246,34.49596623,"https://earth.google.com/web/@31.53172246,34.49596623,75.0a,500d,35y,0h,0t,0r",31.530265358219935,31.532997561780064,34.492802326898165,34.49912013310183
5,10,31.53172246,34.502187324,"https://earth.google.com/web/@31.53172246,34.50218732,75.0a,500d,35y,0h,0t,0r",31.530265358219935,31.532997561780064,34.49902342089816,34.50534122710183
5,11,31.53172246,34.508408417999995,"https://earth.google.com/web/@31.53172246,34.50840842,75.0a,500d,35y,0h,0t,0r",31.530265358219935,31.532997561780064,34.50524451489816,34.51156232110183
5,12,31.53172246,34.514629512,"https://earth.google.com/web/@31.53172246,34.51462951,75.0a,500d,35y,0h,0t,0r",31.530265358219935,31.532997561780064,34.51146560889816,34.51778341510183
5,13,31.53172246,34.520850606,"https://earth.google.com/web/@31.53172246,34.52085061,75.0a,500d,35y,0h,0t,0r",31.530265358219935,31.532997561780064,34.51768670289817,34.524004509101836
5,14,31.53172246,34.5270717,"https://earth.google.com/web/@31.53172246,34.52707170,75.0a,500d,35y,0h,0t,0r",31.530265358219935,31.532997561780064,34.523907796898165,34.53022560310183
5,15,31.53172246,34.533292794,"https://earth.google.com/web/@31.53172246,34.53329279,75.0a,500d,35y,0h,0t,0r",31.530265358219935,31.532997561780064,34.53012889089816,34.53644669710183
6,0,31.52913748,34.43375528999999,"https://earth.google.com/web/@31.52913748,34.43375529,75.0a,500d,35y,0h,0t,0r",31.527680378219934,31.530412581780062,34.43059138689816,34.436909193101826
6,1,31.52913748,34.43997638399999,"https://earth.google.com/web/@31.52913748,34.43997638,75.0a,500d,35y,0h,0t,0r",31.527680378219934,31.530412581780062,34.436812480898155,34.44313028710182
6,2,31.52913748,34.446197477999995,"https://earth.google.com/web/@31.52913748,34.44619748,75.0a,500d,35y,0h,0t,0r",31.527680378219934,31.530412581780062,34.44303357489816,34.44935138110183
6,3,31.52913748,34.45241857199999,"https://earth.google.com/web/@31.52913748,34.45241857,75.0a,500d,35y,0h,0t,0r",31.527680378219934,31.530412581780062,34.449254668898156,34.455572475101825
6,4,31.52913748,34.458639666,"https://earth.google.com/web/@31.52913748,34.45863967,75.0a,500d,35y,0h,0t,0r",31.527680378219934,31.530412581780062,34.45547576289817,34.461793569101836
6,5,31.52913748,34.46486075999999,"https://earth.google.com/web/@31.52913748,34.46486076,75.0a,500d,35y,0h,0t,0r",31.527680378219934,31.530412581780062,34.46169685689816,34.468014663101826
6,6,31.52913748,34.47108185399999,"https://earth.google.com/web/@31.52913748,34.47108185,75.0a,500d,35y,0h,0t,0r",31.527680378219934,31.530412581780062,34.467917950898155,34.47423575710182
6,7,31.52913748,34.477302947999995,"https://earth.google.com/web/@31.52913748,34.47730295,75.0a,500d,35y,0h,0t,0r",31.527680378219934,31.530412581780062,34.47413904489816,34.48045685110183
6,8,31.52913748,34.48352404199999,"https://earth.google.com/web/@31.52913748,34.48352404,75.0a,500d,35y,0h,0t,0r",31.527680378219934,31.530412581780062,34.480360138898156,34.486677945101825
6,9,31.52913748,34.489745136,"https://earth.google.com/web/@31.52913748,34.48974514,75.0a,500d,35y,0h,0t,0r",31.527680378219934,31.530412581780062,34.48658123289817,34.492899039101836
6,10,31.52913748,34.49596622999999,"https://earth.google.com/web/@31.52913748,34.49596623,75.0a,500d,35y,0h,0t,0r",31.527680378219934,31.530412581780062,34.49280232689816,34.499120133101826
6,11,31.52913748,34.50218732399999,"https://earth.google.com/web/@31.52913748,34.50218732,75.0a,500d,35y,0h,0t,0r",31.527680378219934,31.530412581780062,34.499023420898155,34.50534122710182
6,12,31.52913748,34.508408417999995,"https://earth.google.com/web/@31.52913748,34.50840842,75.0a,500d,35y,0h,0t,0r",31.527680378219934,31.530412581780062,34.50524451489816,34.51156232110183
6,13,31.52913748,34.51462951199999,"https://earth.google.com/web/@31.52913748,34.51462951,75.0a,500d,35y,0h,0t,0r",31.527680378219934,31.530412581780062,34.511465608898156,34.517783415101825
6,14,31.52913748,34.520850606,"https://earth.google.com/web/@31.52913748,34.52085061,75.0a,500d,35y,0h,0t,0r",31.527680378219934,31.530412581780062,34.51768670289817,34.524004509101836
6,15,31.52913748,34.52707169999999,"https://earth.google.com/web/@31.52913748,34.52707170,75.0a,500d,35y,0h,0t,0r",31.527680378219934,31.530412581780062,34.52390779689816,34.530225603101826
6,16,31.52913748,34.53329279399999,"https://earth.google.com/web/@31.52913748,34.53329279,75.0a,500d,35y,0h,0t,0r",31.527680378219934,31.530412581780062,34.530128890898155,34.53644669710182
7,0,31.5265525,34.43375528999999,"https://earth.google.com/web/@31.52655250,34.43375529,75.0a,500d,35y,0h,0t,0r",31.525095398219936,31.527827601780064,34.43059138689816,34.436909193101826
7,1,31.5265525,34.43997638399999,"https://earth.google.com/web/@31.52655250,34.43997638,75.0a,500d,35y,0h,0t,0r",31.525095398219936,31.527827601780064,34.436812480898155,34.44313028710182
7,2,31.5265525,34.446197477999995,"https://earth.google.com/web/@31.52655250,34.44619748,75.0a,500d,35y,0h,0t,0r",31.525095398219936,31.527827601780064,34.44303357489816,34.44935138110183
7,3,31.5265525,34.45241857199999,"https://earth.google.com/web/@31.52655250,34.45241857,75.0a,500d,35y,0h,0t,0r",31.525095398219936,31.527827601780064,34.449254668898156,34.455572475101825
7,4,31.5265525,34.458639666,"https://earth.google.com/web/@31.52655250,34.45863967,75.0a,500d,35y,0h,0t,0r",31.525095398219936,31.527827601780064,34.45547576289817,34.461793569101836
7,5,31.5265525,34.46486075999999,"https://earth.google.com/web/@31.52655250,34.46486076,75.0a,500d,35y,0h,0t,0r",31.525095398219936,31.527827601780064,34.46169685689816,34.468014663101826
7,6,31.5265525,34.47108185399999,"https://earth.google.com/web/@31.52655250,34.47108185,75.0a,500d,35y,0h,0t,0r",31.525095398219936,31.527827601780064,34.467917950898155,34.47423575710182
7,7,31.5265525,34.477302947999995,"https://earth.google.com/web/@31.52655250,34.47730295,75.0a,500d,35y,0h,0t,0r",31.525095398219936,31.527827601780064,34.47413904489816,34.48045685110183
7,8,31.5265525,34.48352404199999,"https://earth.google.com/web/@31.52655250,34.48352404,75.0a,500d,35y,0h,0t,0r",31.525095398219936,31.527827601780064,34.480360138898156,34.486677945101825
7,9,31.5265525,34.489745136,"https://earth.google.com/web/@31.52655250,34.48974514,75.0a,500d,35y,0h,0t,0r",31.525095398219936,31.527827601780064,34.48658123289817,34.492899039101836
7,10,31.5265525,34.49596622999999,"https://earth.google.com/web/@31.52655250,34.49596623,75.0a,500d,35y,0h,0t,0r",31.525095398219936,31.527827601780064,34.49280232689816,34.499120133101826
7,11,31.5265525,34.50218732399999,"https://earth.google.com/web/@31.52655250,34.50218732,75.0a,500d,35y,0h,0t,0r",31.525095398219936,31.527827601780064,34.499023420898155,34.50534122710182
7,12,31.5265525,34.508408417999995,"https://earth.google.com/web/@31.52655250,34.50840842,75.0a,500d,35y,0h,0t,0r",31.525095398219936,31.527827601780064,34.50524451489816,34.51156232110183
7,13,31.5265525,34.51462951199999,"https://earth.google.com/web/@31.52655250,34.51462951,75.0a,500d,35y,0h,0t,0r",31.525095398219936,31.527827601780064,34.511465608898156,34.517783415101825
7,14,31.5265525,34.520850606,"https://earth.google.com/web/@31.52655250,34.52085061,75.0a,500d,35y,0h,0t,0r",31.525095398219936,31.527827601780064,34.51768670289817,34.524004509101836
7,15,31.5265525,34.52707169999999,"https://earth.google.com/web/@31.52655250,34.52707170,75.0a,500d,35y,0h,0t,0r",31.525095398219936,31.527827601780064,34.52390779689816,34.530225603101826
8,0,31.52396752,34.427534196,"https://earth.google.com/web/@31.52396752,34.42753420,75.0a,500d,35y,0h,0t,0r",31.522510418219934,31.525242621780063,34.42437029289817,34.430688099101836
8,1,31.52396752,34.43375528999999,"https://earth.google.com/web/@31.52396752,34.43375529,75.0a,500d,35y,0h,0t,0r",31.522510418219934,31.525242621780063,34.43059138689816,34.436909193101826
8,2,31.52396752,34.439976384,"https://earth.google.com/web/@31.52396752,34.43997638,75.0a,500d,35y,0h,0t,0r",31.522510418219934,31.525242621780063,34.43681248089816,34.44313028710183
8,3,31.52396752,34.446197477999995,"https://earth.google.com/web/@31.52396752,34.44619748,75.0a,500d,35y,0h,0t,0r",31.522510418219934,31.525242621780063,34.44303357489816,34.44935138110183
8,4,31.52396752,34.452418572,"https://earth.google.com/web/@31.52396752,34.45241857,75.0a,500d,35y,0h,0t,0r",31.522510418219934,31.525242621780063,34.44925466889816,34.45557247510183
8,5,31.52396752,34.458639666,"https://earth.google.com/web/@31.52396752,34.45863967,75.0a,500d,35y,0h,0t,0r",31.522510418219934,31.525242621780063,34.45547576289817,34.461793569101836
8,6,31.52396752,34.46486075999999,"https://earth.google.com/web/@31.52396752,34.46486076,75.0a,500d,35y,0h,0t,0r",31.522510418219934,31.525242621780063,34.46169685689816,34.468014663101826
8,7,31.52396752,34.471081854,"https://earth.google.com/web/@31.52396752,34.47108185,75.0a,500d,35y,0h,0t,0r",31.522510418219934,31.525242621780063,34.46791795089816,34.47423575710183
8,8,31.52396752,34.477302947999995,"https://earth.google.com/web/@31.52396752,34.47730295,75.0a,500d,35y,0h,0t,0r",31.522510418219934,31.525242621780063,34.47413904489816,34.48045685110183
8,9,31.52396752,34.483524042,"https://earth.google.com/web/@31.52396752,34.48352404,75.0a,500d,35y,0h,0t,0r",31.522510418219934,31.525242621780063,34.48036013889816,34.48667794510183
8,10,31.52396752,34.489745136,"https://earth.google.com/web/@31.52396752,34.48974514,75.0a,500d,35y,0h,0t,0r",31.522510418219934,31.525242621780063,34.48658123289817,34.492899039101836
8,11,31.52396752,34.49596622999999,"https://earth.google.com/web/@31.52396752,34.49596623,75.0a,500d,35y,0h,0t,0r",31.522510418219934,31.525242621780063,34.49280232689816,34.499120133101826
8,12,31.52396752,34.502187324,"https://earth.google.com/web/@31.52396752,34.50218732,75.0a,500d,35y,0h,0t,0r",31.522510418219934,31.525242621780063,34.49902342089816,34.50534122710183
8,13,31.52396752,34.508408417999995,"https://earth.google.com/web/@31.52396752,34.50840842,75.0a,500d,35y,0h,0t,0r",31.522510418219934,31.525242621780063,34.50524451489816,34.51156232110183
8,14,31.52396752,34.514629512,"https://earth.google.com/web/@31.52396752,34.51462951,75.0a,500d,35y,0h,0t,0r",31.522510418219934,31.525242621780063,34.51146560889816,34.51778341510183
8,15,31.52396752,34.520850606,"https://earth.google.com/web/@31.52396752,34.52085061,75.0a,500d,35y,0h,0t,0r",31.522510418219934,31.525242621780063,34.51768670289817,34.524004509101836
8,16,31.52396752,34.52707169999999,"https://earth.google.com/web/@31.52396752,34.52707170,75.0a,500d,35y,0h,0t,0r",31.522510418219934,31.525242621780063,34.52390779689816,34.530225603101826
9,0,31.52138254,34.427534196,"https://earth.google.com/web/@31.52138254,34.42753420,75.0a,500d,35y,0h,0t,0r",31.519925438219932,31.52265764178006,34.42437029289817,34.430688099101836
9,1,31.52138254,34.43375528999999,"https://earth.google.com/web/@31.52138254,34.43375529,75.0a,500d,35y,0h,0t,0r",31.519925438219932,31.52265764178006,34.43059138689816,34.436909193101826
9,2,31.52138254,34.439976384,"https://earth.google.com/web/@31.52138254,34.43997638,75.0a,500d,35y,0h,0t,0r",31.519925438219932,31.52265764178006,34.43681248089816,34.44313028710183
9,3,31.52138254,34.446197477999995,"https://earth.google.com/web/@31.52138254,34.44619748,75.0a,500d,35y,0h,0t,0r",31.519925438219932,31.52265764178006,34.44303357489816,34.44935138110183
9,4,31.52138254,34.452418572,"https://earth.google.com/web/@31.52138254,34.45241857,75.0a,500d,35y,0h,0t,0r",31.519925438219932,31.52265764178006,34.44925466889816,34.45557247510183
9,5,31.52138254,34.458639666,"https://earth.google.com/web/@31.52138254,34.45863967,75.0a,500d,35y,0h,0t,0r",31.519925438219932,31.52265764178006,34.45547576289817,34.461793569101836
9,6,31.52138254,34.46486075999999,"https://earth.google.com/web/@31.52138254,34.46486076,75.0a,500d,35y,0h,0t,0r",31.519925438219932,31.52265764178006,34.46169685689816,34.468014663101826
9,7,31.52138254,34.471081854,"https://earth.google.com/web/@31.52138254,34.47108185,75.0a,500d,35y,0h,0t,0r",31.519925438219932,31.52265764178006,34.46791795089816,34.47423575710183
9,8,31.52138254,34.477302947999995,"https://earth.google.com/web/@31.52138254,34.47730295,75.0a,500d,35y,0h,0t,0r",31.519925438219932,31.52265764178006,34.47413904489816,34.48045685110183
9,9,31.52138254,34.483524042,"https://earth.google.com/web/@31.52138254,34.48352404,75.0a,500d,35y,0h,0t,0r",31.519925438219932,31.52265764178006,34.48036013889816,34.48667794510183
9,10,31.52138254,34.489745136,"https://earth.google.com/web/@31.52138254,34.48974514,75.0a,500d,35y,0h,0t,0r",31.519925438219932,31.52265764178006,34.48658123289817,34.492899039101836
9,11,31.52138254,34.49596622999999,"https://earth.google.com/web/@31.52138254,34.49596623,75.0a,500d,35y,0h,0t,0r",31.519925438219932,31.52265764178006,34.49280232689816,34.499120133101826
9,12,31.52138254,34.502187324,"https://earth.google.com/web/@31.52138254,34.50218732,75.0a,500d,35y,0h,0t,0r",31.519925438219932,31.52265764178006,34.49902342089816,34.50534122710183
9,13,31.52138254,34.508408417999995,"https://earth.google.com/web/@31.52138254,34.50840842,75.0a,500d,35y,0h,0t,0r",31.519925438219932,31.52265764178006,34.50524451489816,34.51156232110183
9,14,31.52138254,34.514629512,"https://earth.google.com/web/@31.52138254,34.51462951,75.0a,500d,35y,0h,0t,0r",31.519925438219932,31.52265764178006,34.51146560889816,34.51778341510183
9,15,31.52138254,34.520850606,"https://earth.google.com/web/@31.52138254,34.52085061,75.0a,500d,35y,0h,0t,0r",31.519925438219932,31.52265764178006,34.51768670289817,34.524004509101836
10,0,31.51879756,34.42131310199999,"https://earth.google.com/web/@31.51879756,34.42131310,75.0a,500d,35y,0h,0t,0r",31.517340458219934,31.520072661780063,34.418149198898156,34.424467005101825
10,1,31.51879756,34.42753419599999,"https://earth.google.com/web/@31.51879756,34.42753420,75.0a,500d,35y,0h,0t,0r",31.517340458219934,31.520072661780063,34.42437029289815,34.43068809910182
10,2,31.51879756,34.43375528999999,"https://earth.google.com/web/@31.51879756,34.43375529,75.0a,500d,35y,0h,0t,0r",31.517340458219934,31.520072661780063,34.43059138689816,34.436909193101826
10,3,31.51879756,34.43997638399999,"https://earth.google.com/web/@31.51879756,34.43997638,75.0a,500d,35y,0h,0t,0r",31.517340458219934,31.520072661780063,34.436812480898155,34.44313028710182
10,4,31.51879756,34.446197477999995,"https://earth.google.com/web/@31.51879756,34.44619748,75.0a,500d,35y,0h,0t,0r",31.517340458219934,31.520072661780063,34.44303357489816,34.44935138110183
10,5,31.51879756,34.45241857199999,"https://earth.google.com/web/@31.51879756,34.45241857,75.0a,500d,35y,0h,0t,0r",31.517340458219934,31.520072661780063,34.449254668898156,34.455572475101825
10,6,31.51879756,34.45863966599999,"https://earth.google.com/web/@31.51879756,34.45863967,75.0a,500d,35y,0h,0t,0r",31.517340458219934,31.520072661780063,34.45547576289815,34.46179356910182
10,7,31.51879756,34.46486075999999,"https://earth.google.com/web/@31.51879756,34.46486076,75.0a,500d,35y,0h,0t,0r",31.517340458219934,31.520072661780063,34.46169685689816,34.468014663101826
10,8,31.51879756,34.47108185399999,"https://earth.google.com/web/@31.51879756,34.47108185,75.0a,500d,35y,0h,0t,0r",31.517340458219934,31.520072661780063,34.467917950898155,34.47423575710182
10,9,31.51879756,34.477302947999995,"https://earth.google.com/web/@31.51879756,34.47730295,75.0a,500d,35y,0h,0t,0r",31.517340458219934,31.520072661780063,34.47413904489816,34.48045685110183
10,10,31.51879756,34.48352404199999,"https://earth.google.com/web/@31.51879756,34.48352404,75.0a,500d,35y,0h,0t,0r",31.517340458219934,31.520072661780063,34.480360138898156,34.486677945101825
10,11,31.51879756,34.48974513599999,"https://earth.google.com/web/@31.51879756,34.48974514,75.0a,500d,35y,0h,0t,0r",31.517340458219934,31.520072661780063,34.48658123289815,34.49289903910182
10,12,31.51879756,34.49596622999999,"https://earth.google.com/web/@31.51879756,34.49596623,75.0a,500d,35y,0h,0t,0r",31.517340458219934,31.520072661780063,34.49280232689816,34.499120133101826
10,13,31.51879756,34.50218732399999,"https://earth.google.com/web/@31.51879756,34.50218732,75.0a,500d,35y,0h,0t,0r",31.517340458219934,31.520072661780063,34.499023420898155,34.50534122710182
10,14,31.51879756,34.508408417999995,"https://earth.google.com/web/@31.51879756,34.50840842,75.0a,500d,35y,0h,0t,0r",31.517340458219934,31.520072661780063,34.50524451489816,34.51156232110183
10,15,31.51879756,34.51462951199999,"https://earth.google.com/web/@31.51879756,34.51462951,75.0a,500d,35y,0h,0t,0r",31.517340458219934,31.520072661780063,34.511465608898156,34.517783415101825
10,16,31.51879756,34.52085060599999,"https://earth.google.com/web/@31.51879756,34.52085061,75.0a,500d,35y,0h,0t,0r",31.517340458219934,31.520072661780063,34.51768670289815,34.52400450910182
11,0,31.51621258,34.42131310199999,"https://earth.google.com/web/@31.51621258,34.42131310,75.0a,500d,35y,0h,0t,0r",31.514755478219936,31.517487681780064,34.418149198898156,34.424467005101825
11,1,31.51621258,34.42753419599999,"https://earth.google.com/web/@31.51621258,34.42753420,75.0a,500d,35y,0h,0t,0r",31.514755478219936,31.517487681780064,34.42437029289815,34.43068809910182
11,2,31.51621258,34.43375528999999,"https://earth.google.com/web/@31.51621258,34.43375529,75.0a,500d,35y,0h,0t,0r",31.514755478219936,31.517487681780064,34.43059138689816,34.436909193101826
11,3,31.51621258,34.43997638399999,"https://earth.google.com/web/@31.51621258,34.43997638,75.0a,500d,35y,0h,0t,0r",31.514755478219936,31.517487681780064,34.436812480898155,34.44313028710182
11,4,31.51621258,34.446197477999995,"https://earth.google.com/web/@31.51621258,34.44619748,75.0a,500d,35y,0h,0t,0r",31.514755478219936,31.517487681780064,34.44303357489816,34.44935138110183
11,5,31.51621258,34.45241857199999,"https://earth.google.com/web/@31.51621258,34.45241857,75.0a,500d,35y,0h,0t,0r",31.514755478219936,31.517487681780064,34.449254668898156,34.455572475101825
11,6,31.51621258,34.45863966599999,"https://earth.google.com/web/@31.51621258,34.45863967,75.0a,500d,35y,0h,0t,0r",31.514755478219936,31.517487681780064,34.45547576289815,34.46179356910182
11,7,31.51621258,34.46486075999999,"https://earth.google.com/web/@31.51621258,34.46486076,75.0a,500d,35y,0h,0t,0r",31.514755478219936,31.517487681780064,34.46169685689816,34.468014663101826
11,8,31.51621258,34.47108185399999,"https://earth.google.com/web/@31.51621258,34.47108185,75.0a,500d,35y,0h,0t,0r",31.514755478219936,31.517487681780064,34.467917950898155,34.47423575710182
11,9,31.51621258,34.477302947999995,"https://earth.google.com/web/@31.51621258,34.47730295,75.0a,500d,35y,0h,0t,0r",31.514755478219936,31.517487681780064,34.47413904489816,34.48045685110183
11,10,31.51621258,34.48352404199999,"https://earth.google.com/web/@31.51621258,34.48352404,75.0a,500d,35y,0h,0t,0r",31.514755478219936,31.517487681780064,34.480360138898156,34.486677945101825
11,11,31.51621258,34.48974513599999,"https://earth.google.com/web/@31.51621258,34.48974514,75.0a,500d,35y,0h,0t,0r",31.514755478219936,31.517487681780064,34.48658123289815,34.49289903910182
11,12,31.51621258,34.49596622999999,"https://earth.google.com/web/@31.51621258,34.49596623,75.0a,500d,35y,0h,0t,0r",31.514755478219936,31.517487681780064,34.49280232689816,34.499120133101826
11,13,31.51621258,34.50218732399999,"https://earth.google.com/web/@31.51621258,34.50218732,75.0a,500d,35y,0h,0t,0r",31.514755478219936,31.517487681780064,34.499023420898155,34.50534122710182
11,14,31.51621258,34.508408417999995,"https://earth.google.com/web/@31.51621258,34.50840842,75.0a,500d,35y,0h,0t,0r",31.514755478219936,31.517487681780064,34.50524451489816,34.51156232110183
11,15,31.51621258,34.51462951199999,"https://earth.google.com/web/@31.51621258,34.51462951,75.0a,500d,35y,0h,0t,0r",31.514755478219936,31.517487681780064,34.511465608898156,34.517783415101825
12,0,31.5136276,34.42131310199999,"https://earth.google.com/web/@31.51362760,34.42131310,75.0a,500d,35y,0h,0t,0r",31.512170498219934,31.514902701780063,34.418149198898156,34.424467005101825
12,1,31.5136276,34.42753419599999,"https://earth.google.com/web/@31.51362760,34.42753420,75.0a,500d,35y,0h,0t,0r",31.512170498219934,31.514902701780063,34.42437029289815,34.43068809910182
12,2,31.5136276,34.43375528999999,"https://earth.google.com/web/@31.51362760,34.43375529,75.0a,500d,35y,0h,0t,0r",31.512170498219934,31.514902701780063,34.43059138689816,34.436909193101826
12,3,31.5136276,34.43997638399999,"https://earth.google.com/web/@31.51362760,34.43997638,75.0a,500d,35y,0h,0t,0r",31.512170498219934,31.514902701780063,34.436812480898155,34.44313028710182
12,4,31.5136276,34.446197477999995,"https://earth.google.com/web/@31.51362760,34.44619748,75.0a,500d,35y,0h,0t,0r",31.512170498219934,31.514902701780063,34.44303357489816,34.44935138110183
12,5,31.5136276,34.45241857199999,"https://earth.google.com/web/@31.51362760,34.45241857,75.0a,500d,35y,0h,0t,0r",31.512170498219934,31.514902701780063,34.449254668898156,34.455572475101825
12,6,31.5136276,34.45863966599999,"https://earth.google.com/web/@31.51362760,34.45863967,75.0a,500d,35y,0h,0t,0r",31.512170498219934,31.514902701780063,34.45547576289815,34.46179356910182
12,7,31.5136276,34.46486075999999,"https://earth.google.com/web/@31.51362760,34.46486076,75.0a,500d,35y,0h,0t,0r",31.512170498219934,31.514902701780063,34.46169685689816,34.468014663101826
12,8,31.5136276,34.47108185399999,"https://earth.google.com/web/@31.51362760,34.47108185,75.0a,500d,35y,0h,0t,0r",31.512170498219934,31.514902701780063,34.467917950898155,34.47423575710182
12,9,31.5136276,34.477302947999995,"https://earth.google.com/web/@31.51362760,34.47730295,75.0a,500d,35y,0h,0t,0r",31.512170498219934,31.514902701780063,34.47413904489816,34.48045685110183
12,10,31.5136276,34.48352404199999,"https://earth.google.com/web/@31.51362760,34.48352404,75.0a,500d,35y,0h,0t,0r",31.512170498219934,31.514902701780063,34.480360138898156,34.486677945101825
12,11,31.5136276,34.48974513599999,"https://earth.google.com/web/@31.51362760,34.48974514,75.0a,500d,35y,0h,0t,0r",31.512170498219934,31.514902701780063,34.48658123289815,34.49289903910182
12,12,31.5136276,34.49596622999999,"https://earth.google.com/web/@31.51362760,34.49596623,75.0a,500d,35y,0h,0t,0r",31.512170498219934,31.514902701780063,34.49280232689816,34.499120133101826
12,13,31.5136276,34.50218732399999,"https://earth.google.com/web/@31.51362760,34.50218732,75.0a,500d,35y,0h,0t,0r",31.512170498219934,31.514902701780063,34.499023420898155,34.50534122710182
12,14,31.5136276,34.508408417999995,"https://earth.google.com/web/@31.51362760,34.50840842,75.0a,500d,35y,0h,0t,0r",31.512170498219934,31.514902701780063,34.50524451489816,34.51156232110183
12,15,31.5136276,34.51462951199999,"https://earth.google.com/web/@31.51362760,34.51462951,75.0a,500d,35y,0h,0t,0r",31.512170498219934,31.514902701780063,34.511465608898156,34.517783415101825
13,0,31.51104262,34.415092007999995,"https://earth.google.com/web/@31.51104262,34.41509201,75.0a,500d,35y,0h,0t,0r",31.509585518219932,31.51231772178006,34.41192810489816,34.41824591110183
13,1,31.51104262,34.42131310199999,"https://earth.google.com/web/@31.51104262,34.42131310,75.0a,500d,35y,0h,0t,0r",31.509585518219932,31.51231772178006,34.418149198898156,34.424467005101825
13,2,31.51104262,34.427534196,"https://earth.google.com/web/@31.51104262,34.42753420,75.0a,500d,35y,0h,0t,0r",31.509585518219932,31.51231772178006,34.42437029289817,34.430688099101836
13,3,31.51104262,34.43375528999999,"https://earth.google.com/web/@31.51104262,34.43375529,75.0a,500d,35y,0h,0t,0r",31.509585518219932,31.51231772178006,34.43059138689816,34.436909193101826
13,4,31.51104262,34.439976384,"https://earth.google.com/web/@31.51104262,34.43997638,75.0a,500d,35y,0h,0t,0r",31.509585518219932,31.51231772178006,34.43681248089816,34.44313028710183
13,5,31.51104262,34.446197477999995,"https://earth.google.com/web/@31.51104262,34.44619748,75.0a,500d,35y,0h,0t,0r",31.509585518219932,31.51231772178006,34.44303357489816,34.44935138110183
13,6,31.51104262,34.45241857199999,"https://earth.google.com/web/@31.51104262,34.45241857,75.0a,500d,35y,0h,0t,0r",31.509585518219932,31.51231772178006,34.449254668898156,34.455572475101825
13,7,31.51104262,34.458639666,"https://earth.google.com/web/@31.51104262,34.45863967,75.0a,500d,35y,0h,0t,0r",31.509585518219932,31.51231772178006,34.45547576289817,34.461793569101836
13,8,31.51104262,34.46486075999999,"https://earth.google.com/web/@31.51104262,34.46486076,75.0a,500d,35y,0h,0t,0r",31.509585518219932,31.51231772178006,34.46169685689816,34.468014663101826
13,9,31.51104262,34.471081854,"https://earth.google.com/web/@31.51104262,34.47108185,75.0a,500d,35y,0h,0t,0r",31.509585518219932,31.51231772178006,34.46791795089816,34.47423575710183
13,10,31.51104262,34.477302947999995,"https://earth.google.com/web/@31.51104262,34.47730295,75.0a,500d,35y,0h,0t,0r",31.509585518219932,31.51231772178006,34.47413904489816,34.48045685110183
13,11,31.51104262,34.48352404199999,"https://earth.google.com/web/@31.51104262,34.48352404,75.0a,500d,35y,0h,0t,0r",31.509585518219932,31.51231772178006,34.480360138898156,34.486677945101825
13,12,31.51104262,34.489745136,"https://earth.google.com/web/@31.51104262,34.48974514,75.0a,500d,35y,0h,0t,0r",31.509585518219932,31.51231772178006,34.48658123289817,34.492899039101836
13,13,31.51104262,34.49596622999999,"https://earth.google.com/web/@31.51104262,34.49596623,75.0a,500d,35y,0h,0t,0r",31.509585518219932,31.51231772178006,34.49280232689816,34.499120133101826
13,14,31.51104262,34.502187324,"https://earth.google.com/web/@31.51104262,34.50218732,75.0a,500d,35y,0h,0t,0r",31.509585518219932,31.51231772178006,34.49902342089816,34.50534122710183
13,15,31.51104262,34.508408417999995,"https://earth.google.com/web/@31.51104262,34.50840842,75.0a,500d,35y,0h,0t,0r",31.509585518219932,31.51231772178006,34.50524451489816,34.51156232110183
14,0,31.50845764,34.415092007999995,"https://earth.google.com/web/@31.50845764,34.41509201,75.0a,500d,35y,0h,0t,0r",31.507000538219934,31.509732741780063,34.41192810489816,34.41824591110183
14,1,31.50845764,34.42131310199999,"https://earth.google.com/web/@31.50845764,34.42131310,75.0a,500d,35y,0h,0t,0r",31.507000538219934,31.509732741780063,34.418149198898156,34.424467005101825
14,2,31.50845764,34.427534196,"https://earth.google.com/web/@31.50845764,34.42753420,75.0a,500d,35y,0h,0t,0r",31.507000538219934,31.509732741780063,34.42437029289817,34.430688099101836
14,3,31.50845764,34.43375528999999,"https://earth.google.com/web/@31.50845764,34.43375529,75.0a,500d,35y,0h,0t,0r",31.507000538219934,31.509732741780063,34.43059138689816,34.436909193101826
14,4,31.50845764,34.439976384,"https://earth.google.com/web/@31.50845764,34.43997638,75.0a,500d,35y,0h,0t,0r",31.507000538219934,31.509732741780063,34.43681248089816,34.44313028710183
14,5,31.50845764,34.446197477999995,"https://earth.google.com/web/@31.50845764,34.44619748,75.0a,500d,35y,0h,0t,0r",31.507000538219934,31.509732741780063,34.44303357489816,34.44935138110183
14,6,31.50845764,34.45241857199999,"https://earth.google.com/web/@31.50845764,34.45241857,75.0a,500d,35y,0h,0t,0r",31.507000538219934,31.509732741780063,34.449254668898156,34.455572475101825
14,7,31.50845764,34.458639666,"https://earth.google.com/web/@31.50845764,34.45863967,75.0a,500d,35y,0h,0t,0r",31.507000538219934,31.509732741780063,34.45547576289817,34.461793569101836
14,8,31.50845764,34.46486075999999,"https://earth.google.com/web/@31.50845764,34.46486076,75.0a,500d,35y,0h,0t,0r",31.507000538219934,31.509732741780063,34.46169685689816,34.468014663101826
14,9,31.50845764,34.471081854,"https://earth.google.com/web/@31.50845764,34.47108185,75.0a,500d,35y,0h,0t,0r",31.507000538219934,31.509732741780063,34.46791795089816,34.47423575710183
14,10,31.50845764,34.477302947999995,"https://earth.google.com/web/@31.50845764,34.47730295,75.0a,500d,35y,0h,0t,0r",31.507000538219934,31.509732741780063,34.47413904489816,34.48045685110183
14,11,31.50845764,34.48352404199999,"https://earth.google.com/web/@31.50845764,34.48352404,75.0a,500d,35y,0h,0t,0r",31.507000538219934,31.509732741780063,34.480360138898156,34.486677945101825
14,12,31.50845764,34.489745136,"https://earth.google.com/web/@31.50845764,34.48974514,75.0a,500d,35y,0h,0t,0r",31.507000538219934,31.509732741780063,34.48658123289817,34.492899039101836
14,13,31.50845764,34.49596622999999,"https://earth.google.com/web/@31.50845764,34.49596623,75.0a,500d,35y,0h,0t,0r",31.507000538219934,31.509732741780063,34.49280232689816,34.499120133101826
14,14,31.50845764,34.502187324,"https://earth.google.com/web/@31.50845764,34.50218732,75.0a,500d,35y,0h,0t,0r",31.507000538219934,31.509732741780063,34.49902342089816,34.50534122710183
14,15,31.50845764,34.508408417999995,"https://earth.google.com/web/@31.50845764,34.50840842,75.0a,500d,35y,0h,0t,0r",31.507000538219934,31.509732741780063,34.50524451489816,34.51156232110183
15,0,31.50587266,34.408870914,"https://earth.google.com/web/@31.50587266,34.40887091,75.0a,500d,35y,0h,0t,0r",31.504415558219936,31.507147761780065,34.40570701089816,34.41202481710183
15,1,31.50587266,34.415092007999995,"https://earth.google.com/web/@31.50587266,34.41509201,75.0a,500d,35y,0h,0t,0r",31.504415558219936,31.507147761780065,34.41192810489816,34.41824591110183
15,2,31.50587266,34.421313102,"https://earth.google.com/web/@31.50587266,34.42131310,75.0a,500d,35y,0h,0t,0r",31.504415558219936,31.507147761780065,34.41814919889816,34.42446700510183
15,3,31.50587266,34.427534196,"https://earth.google.com/web/@31.50587266,34.42753420,75.0a,500d,35y,0h,0t,0r",31.504415558219936,31.507147761780065,34.42437029289817,34.430688099101836
15,4,31.50587266,34.43375529,"https://earth.google.com/web/@31.50587266,34.43375529,75.0a,500d,35y,0h,0t,0r",31.504415558219936,31.507147761780065,34.430591386898165,34.43690919310183
15,5,31.50587266,34.439976384,"https://earth.google.com/web/@31.50587266,34.43997638,75.0a,500d,35y,0h,0t,0r",31.504415558219936,31.507147761780065,34.43681248089816,34.44313028710183
15,6,31.50587266,34.446197477999995,"https://earth.google.com/web/@31.50587266,34.44619748,75.0a,500d,35y,0h,0t,0r",31.504415558219936,31.507147761780065,34.44303357489816,34.44935138110183
15,7,31.50587266,34.452418572,"https://earth.google.com/web/@31.50587266,34.45241857,75.0a,500d,35y,0h,0t,0r",31.504415558219936,31.507147761780065,34.44925466889816,34.45557247510183
15,8,31.50587266,34.458639666,"https://earth.google.com/web/@31.50587266,34.45863967,75.0a,500d,35y,0h,0t,0r",31.504415558219936,31.507147761780065,34.45547576289817,34.461793569101836
15,9,31.50587266,34.46486076,"https://earth.google.com/web/@31.50587266,34.46486076,75.0a,500d,35y,0h,0t,0r",31.504415558219936,31.507147761780065,34.461696856898165,34.46801466310183
15,10,31.50587266,34.471081854,"https://earth.google.com/web/@31.50587266,34.47108185,75.0a,500d,35y,0h,0t,0r",31.504415558219936,31.507147761780065,34.46791795089816,34.47423575710183
15,11,31.50587266,34.477302947999995,"https://earth.google.com/web/@31.50587266,34.47730295,75.0a,500d,35y,0h,0t,0r",31.504415558219936,31.507147761780065,34.47413904489816,34.48045685110183
15,12,31.50587266,34.483524042,"https://earth.google.com/web/@31.50587266,34.48352404,75.0a,500d,35y,0h,0t,0r",31.504415558219936,31.507147761780065,34.48036013889816,34.48667794510183
15,13,31.50587266,34.489745136,"https://earth.google.com/web/@31.50587266,34.48974514,75.0a,500d,35y,0h,0t,0r",31.504415558219936,31.507147761780065,34.48658123289817,34.492899039101836
15,14,31.50587266,34.49596623,"https://earth.google.com/web/@31.50587266,34.49596623,75.0a,500d,35y,0h,0t,0r",31.504415558219936,31.507147761780065,34.492802326898165,34.49912013310183
15,15,31.50587266,34.502187324,"https://earth.google.com/web/@31.50587266,34.50218732,75.0a,500d,35y,0h,0t,0r",31.504415558219936,31.507147761780065,34.49902342089816,34.50534122710183
16,0,31.50328768,34.408870914,"https://earth.google.com/web/@31.50328768,34.40887091,75.0a,500d,35y,0h,0t,0r",31.501830578219934,31.504562781780063,34.40570701089816,34.41202481710183
16,1,31.50328768,34.415092007999995,"https://earth.google.com/web/@31.50328768,34.41509201,75.0a,500d,35y,0h,0t,0r",31.501830578219934,31.504562781780063,34.41192810489816,34.41824591110183
16,2,31.50328768,34.421313102,"https://earth.google.com/web/@31.50328768,34.42131310,75.0a,500d,35y,0h,0t,0r",31.501830578219934,31.504562781780063,34.41814919889816,34.42446700510183
16,3,31.50328768,34.427534196,"https://earth.google.com/web/@31.50328768,34.42753420,75.0a,500d,35y,0h,0t,0r",31.501830578219934,31.504562781780063,34.42437029289817,34.430688099101836
16,4,31.50328768,34.43375529,"https://earth.google.com/web/@31.50328768,34.43375529,75.0a,500d,35y,0h,0t,0r",31.501830578219934,31.504562781780063,34.430591386898165,34.43690919310183
16,5,31.50328768,34.439976384,"https://earth.google.com/web/@31.50328768,34.43997638,75.0a,500d,35y,0h,0t,0r",31.501830578219934,31.504562781780063,34.43681248089816,34.44313028710183
16,6,31.50328768,34.446197477999995,"https://earth.google.com/web/@31.50328768,34.44619748,75.0a,500d,35y,0h,0t,0r",31.501830578219934,31.504562781780063,34.44303357489816,34.44935138110183
16,7,31.50328768,34.452418572,"https://earth.google.com/web/@31.50328768,34.45241857,75.0a,500d,35y,0h,0t,0r",31.501830578219934,31.504562781780063,34.44925466889816,34.45557247510183
16,8,31.50328768,34.458639666,"https://earth.google.com/web/@31.50328768,34.45863967,75.0a,500d,35y,0h,0t,0r",31.501830578219934,31.504562781780063,34.45547576289817,34.461793569101836
16,9,31.50328768,34.46486076,"https://earth.google.com/web/@31.50328768,34.46486076,75.0a,500d,35y,0h,0t,0r",31.501830578219934,31.504562781780063,34.461696856898165,34.46801466310183
16,10,31.50328768,34.471081854,"https://earth.google.com/web/@31.50328768,34.47108185,75.0a,500d,35y,0h,0t,0r",31.501830578219934,31.504562781780063,34.46791795089816,34.47423575710183
16,11,31.50328768,34.477302947999995,"https://earth.google.com/web/@31.50328768,34.47730295,75.0a,500d,35y,0h,0t,0r",31.501830578219934,31.504562781780063,34.47413904489816,34.48045685110183
16,12,31.50328768,34.483524042,"https://earth.google.com/web/@31.50328768,34.48352404,75.0a,500d,35y,0h,0t,0r",31.501830578219934,31.504562781780063,34.48036013889816,34.48667794510183
16,13,31.50328768,34.489745136,"https://earth.google.com/web/@31.50328768,34.48974514,75.0a,500d,35y,0h,0t,0r",31.501830578219934,31.504562781780063,34.48658123289817,34.492899039101836
16,14,31.50328768,34.49596623,"https://earth.google.com/web/@31.50328768,34.49596623,75.0a,500d,35y,0h,0t,0r",31.501830578219934,31.504562781780063,34.492802326898165,34.49912013310183
16,15,31.50328768,34.502187324,"https://earth.google.com/web/@31.50328768,34.50218732,75.0a,500d,35y,0h,0t,0r",31.501830578219934,31.504562781780063,34.49902342089816,34.50534122710183
17,0,31.5007027,34.40264981999999,"https://earth.google.com/web/@31.50070270,34.40264982,75.0a,500d,35y,0h,0t,0r",31.499245598219932,31.50197780178006,34.39948591689816,34.405803723101826
17,1,31.5007027,34.40887091399999,"https://earth.google.com/web/@31.50070270,34.40887091,75.0a,500d,35y,0h,0t,0r",31.499245598219932,31.50197780178006,34.405707010898155,34.41202481710182
17,2,31.5007027,34.415092007999995,"https://earth.google.com/web/@31.50070270,34.41509201,75.0a,500d,35y,0h,0t,0r",31.499245598219932,31.50197780178006,34.41192810489816,34.41824591110183
17,3,31.5007027,34.42131310199999,"https://earth.google.com/web/@31.50070270,34.42131310,75.0a,500d,35y,0h,0t,0r",31.499245598219932,31.50197780178006,34.418149198898156,34.424467005101825
17,4,31.5007027,34.427534196,"https://earth.google.com/web/@31.50070270,34.42753420,75.0a,500d,35y,0h,0t,0r",31.499245598219932,31.50197780178006,34.42437029289817,34.430688099101836
17,5,31.5007027,34.43375528999999,"https://earth.google.com/web/@31.50070270,34.43375529,75.0a,500d,35y,0h,0t,0r",31.499245598219932,31.50197780178006,34.43059138689816,34.436909193101826
17,6,31.5007027,34.43997638399999,"https://earth.google.com/web/@31.50070270,34.43997638,75.0a,500d,35y,0h,0t,0r",31.499245598219932,31.50197780178006,34.436812480898155,34.44313028710182
17,7,31.5007027,34.446197477999995,"https://earth.google.com/web/@31.50070270,34.44619748,75.0a,500d,35y,0h,0t,0r",31.499245598219932,31.50197780178006,34.44303357489816,34.44935138110183
17,8,31.5007027,34.45241857199999,"https://earth.google.com/web/@31.50070270,34.45241857,75.0a,500d,35y,0h,0t,0r",31.499245598219932,31.50197780178006,34.449254668898156,34.455572475101825
17,9,31.5007027,34.458639666,"https://earth.google.com/web/@31.50070270,34.45863967,75.0a,500d,35y,0h,0t,0r",31.499245598219932,31.50197780178006,34.45547576289817,34.461793569101836
17,10,31.5007027,34.46486075999999,"https://earth.google.com/web/@31.50070270,34.46486076,75.0a,500d,35y,0h,0t,0r",31.499245598219932,31.50197780178006,34.46169685689816,34.468014663101826
17,11,31.5007027,34.47108185399999,"https://earth.google.com/web/@31.50070270,34.47108185,75.0a,500d,35y,0h,0t,0r",31.499245598219932,31.50197780178006,34.467917950898155,34.47423575710182
17,12,31.5007027,34.477302947999995,"https://earth.google.com/web/@31.50070270,34.47730295,75.0a,500d,35y,0h,0t,0r",31.499245598219932,31.50197780178006,34.47413904489816,34.48045685110183
17,13,31.5007027,34.48352404199999,"https://earth.google.com/web/@31.50070270,34.48352404,75.0a,500d,35y,0h,0t,0r",31.499245598219932,31.50197780178006,34.480360138898156,34.486677945101825
17,14,31.5007027,34.489745136,"https://earth.google.com/web/@31.50070270,34.48974514,75.0a,500d,35y,0h,0t,0r",31.499245598219932,31.50197780178006,34.48658123289817,34.492899039101836
17,15,31.5007027,34.49596622999999,"https://earth.google.com/web/@31.50070270,34.49596623,75.0a,500d,35y,0h,0t,0r",31.499245598219932,31.50197780178006,34.49280232689816,34.499120133101826
18,0,31.49811772,34.40264981999999,"https://earth.google.com/web/@31.49811772,34.40264982,75.0a,500d,35y,0h,0t,0r",31.496660618219934,31.499392821780063,34.39948591689816,34.405803723101826
18,1,31.49811772,34.40887091399999,"https://earth.google.com/web/@31.49811772,34.40887091,75.0a,500d,35y,0h,0t,0r",31.496660618219934,31.499392821780063,34.405707010898155,34.41202481710182
18,2,31.49811772,34.415092007999995,"https://earth.google.com/web/@31.49811772,34.41509201,75.0a,500d,35y,0h,0t,0r",31.496660618219934,31.499392821780063,34.41192810489816,34.41824591110183
18,3,31.49811772,34.42131310199999,"https://earth.google.com/web/@31.49811772,34.42131310,75.0a,500d,35y,0h,0t,0r",31.496660618219934,31.499392821780063,34.418149198898156,34.424467005101825
18,4,31.49811772,34.427534196,"https://earth.google.com/web/@31.49811772,34.42753420,75.0a,500d,35y,0h,0t,0r",31.496660618219934,31.499392821780063,34.42437029289817,34.430688099101836
18,5,31.49811772,34.43375528999999,"https://earth.google.com/web/@31.49811772,34.43375529,75.0a,500d,35y,0h,0t,0r",31.496660618219934,31.499392821780063,34.43059138689816,34.436909193101826
18,6,31.49811772,34.43997638399999,"https://earth.google.com/web/@31.49811772,34.43997638,75.0a,500d,35y,0h,0t,0r",31.496660618219934,31.499392821780063,34.436812480898155,34.44313028710182
18,7,31.49811772,34.446197477999995,"https://earth.google.com/web/@31.49811772,34.44619748,75.0a,500d,35y,0h,0t,0r",31.496660618219934,31.499392821780063,34.44303357489816,34.44935138110183
18,8,31.49811772,34.45241857199999,"https://earth.google.com/web/@31.49811772,34.45241857,75.0a,500d,35y,0h,0t,0r",31.496660618219934,31.499392821780063,34.449254668898156,34.455572475101825
18,9,31.49811772,34.458639666,"https://earth.google.com/web/@31.49811772,34.45863967,75.0a,500d,35y,0h,0t,0r",31.496660618219934,31.499392821780063,34.45547576289817,34.461793569101836
18,10,31.49811772,34.46486075999999,"https://earth.google.com/web/@31.49811772,34.46486076,75.0a,500d,35y,0h,0t,0r",31.496660618219934,31.499392821780063,34.46169685689816,34.468014663101826
18,11,31.49811772,34.47108185399999,"https://earth.google.com/web/@31.49811772,34.47108185,75.0a,500d,35y,0h,0t,0r",31.496660618219934,31.499392821780063,34.467917950898155,34.47423575710182
18,12,31.49811772,34.477302947999995,"https://earth.google.com/web/@31.49811772,34.47730295,75.0a,500d,35y,0h,0t,0r",31.496660618219934,31.499392821780063,34.47413904489816,34.48045685110183
18,13,31.49811772,34.48352404199999,"https://earth.google.com/web/@31.49811772,34.48352404,75.0a,500d,35y,0h,0t,0r",31.496660618219934,31.499392821780063,34.480360138898156,34.486677945101825
18,14,31.49811772,34.489745136,"https://earth.google.com/web/@31.49811772,34.48974514,75.0a,500d,35y,0h,0t,0r",31.496660618219934,31.499392821780063,34.48658123289817,34.492899039101836
18,15,31.49811772,34.49596622999999,"https://earth.google.com/web/@31.49811772,34.49596623,75.0a,500d,35y,0h,0t,0r",31.496660618219934,31.499392821780063,34.49280232689816,34.499120133101826
19,0,31.49553274,34.396428726,"https://earth.google.com/web/@31.49553274,34.39642873,75.0a,500d,35y,0h,0t,0r",31.494075638219936,31.496807841780065,34.39326482289817,34.399582629101836
19,1,31.49553274,34.40264981999999,"https://earth.google.com/web/@31.49553274,34.40264982,75.0a,500d,35y,0h,0t,0r",31.494075638219936,31.496807841780065,34.39948591689816,34.405803723101826
19,2,31.49553274,34.408870914,"https://earth.google.com/web/@31.49553274,34.40887091,75.0a,500d,35y,0h,0t,0r",31.494075638219936,31.496807841780065,34.40570701089816,34.41202481710183
19,3,31.49553274,34.415092007999995,"https://earth.google.com/web/@31.49553274,34.41509201,75.0a,500d,35y,0h,0t,0r",31.494075638219936,31.496807841780065,34.41192810489816,34.41824591110183
19,4,31.49553274,34.421313102,"https://earth.google.com/web/@31.49553274,34.42131310,75.0a,500d,35y,0h,0t,0r",31.494075638219936,31.496807841780065,34.41814919889816,34.42446700510183
19,5,31.49553274,34.427534196,"https://earth.google.com/web/@31.49553274,34.42753420,75.0a,500d,35y,0h,0t,0r",31.494075638219936,31.496807841780065,34.42437029289817,34.430688099101836
19,6,31.49553274,34.43375528999999,"https://earth.google.com/web/@31.49553274,34.43375529,75.0a,500d,35y,0h,0t,0r",31.494075638219936,31.496807841780065,34.43059138689816,34.436909193101826
19,7,31.49553274,34.439976384,"https://earth.google.com/web/@31.49553274,34.43997638,75.0a,500d,35y,0h,0t,0r",31.494075638219936,31.496807841780065,34.43681248089816,34.44313028710183
19,8,31.49553274,34.446197477999995,"https://earth.google.com/web/@31.49553274,34.44619748,75.0a,500d,35y,0h,0t,0r",31.494075638219936,31.496807841780065,34.44303357489816,34.44935138110183
19,9,31.49553274,34.452418572,"https://earth.google.com/web/@31.49553274,34.45241857,75.0a,500d,35y,0h,0t,0r",31.494075638219936,31.496807841780065,34.44925466889816,34.45557247510183
19,10,31.49553274,34.458639666,"https://earth.google.com/web/@31.49553274,34.45863967,75.0a,500d,35y,0h,0t,0r",31.494075638219936,31.496807841780065,34.45547576289817,34.461793569101836
19,11,31.49553274,34.46486075999999,"https://earth.google.com/web/@31.49553274,34.46486076,75.0a,500d,35y,0h,0t,0r",31.494075638219936,31.496807841780065,34.46169685689816,34.468014663101826
19,12,31.49553274,34.471081854,"https://earth.google.com/web/@31.49553274,34.47108185,75.0a,500d,35y,0h,0t,0r",31.494075638219936,31.496807841780065,34.46791795089816,34.47423575710183
19,13,31.49553274,34.477302947999995,"https://earth.google.com/web/@31.49553274,34.47730295,75.0a,500d,35y,0h,0t,0r",31.494075638219936,31.496807841780065,34.47413904489816,34.48045685110183
19,14,31.49553274,34.483524042,"https://earth.google.com/web/@31.49553274,34.48352404,75.0a,500d,35y,0h,0t,0r",31.494075638219936,31.496807841780065,34.48036013889816,34.48667794510183
19,15,31.49553274,34.489745136,"https://earth.google.com/web/@31.49553274,34.48974514,75.0a,500d,35y,0h,0t,0r",31.494075638219936,31.496807841780065,34.48658123289817,34.492899039101836
20,0,31.49294776,34.396428726,"https://earth.google.com/web/@31.49294776,34.39642873,75.0a,500d,35y,0h,0t,0r",31.491490658219934,31.494222861780063,34.39326482289817,34.399582629101836
20,1,31.49294776,34.40264981999999,"https://earth.google.com/web/@31.49294776,34.40264982,75.0a,500d,35y,0h,0t,0r",31.491490658219934,31.494222861780063,34.39948591689816,34.405803723101826
20,2,31.49294776,34.408870914,"https://earth.google.com/web/@31.49294776,34.40887091,75.0a,500d,35y,0h,0t,0r",31.491490658219934,31.494222861780063,34.40570701089816,34.41202481710183
20,3,31.49294776,34.415092007999995,"https://earth.google.com/web/@31.49294776,34.41509201,75.0a,500d,35y,0h,0t,0r",31.491490658219934,31.494222861780063,34.41192810489816,34.41824591110183
20,4,31.49294776,34.421313102,"https://earth.google.com/web/@31.49294776,34.42131310,75.0a,500d,35y,0h,0t,0r",31.491490658219934,31.494222861780063,34.41814919889816,34.42446700510183
20,5,31.49294776,34.427534196,"https://earth.google.com/web/@31.49294776,34.42753420,75.0a,500d,35y,0h,0t,0r",31.491490658219934,31.494222861780063,34.42437029289817,34.430688099101836
20,6,31.49294776,34.43375528999999,"https://earth.google.com/web/@31.49294776,34.43375529,75.0a,500d,35y,0h,0t,0r",31.491490658219934,31.494222861780063,34.43059138689816,34.436909193101826
20,7,31.49294776,34.439976384,"https://earth.google.com/web/@31.49294776,34.43997638,75.0a,500d,35y,0h,0t,0r",31.491490658219934,31.494222861780063,34.43681248089816,34.44313028710183
20,8,31.49294776,34.446197477999995,"https://earth.google.com/web/@31.49294776,34.44619748,75.0a,500d,35y,0h,0t,0r",31.491490658219934,31.494222861780063,34.44303357489816,34.44935138110183
20,9,31.49294776,34.452418572,"https://earth.google.com/web/@31.49294776,34.45241857,75.0a,500d,35y,0h,0t,0r",31.491490658219934,31.494222861780063,34.44925466889816,34.45557247510183
20,10,31.49294776,34.458639666,"https://earth.google.com/web/@31.49294776,34.45863967,75.0a,500d,35y,0h,0t,0r",31.491490658219934,31.494222861780063,34.45547576289817,34.461793569101836
20,11,31.49294776,34.46486075999999,"https://earth.google.com/web/@31.49294776,34.46486076,75.0a,500d,35y,0h,0t,0r",31.491490658219934,31.494222861780063,34.46169685689816,34.468014663101826
20,12,31.49294776,34.471081854,"https://earth.google.com/web/@31.49294776,34.47108185,75.0a,500d,35y,0h,0t,0r",31.491490658219934,31.494222861780063,34.46791795089816,34.47423575710183
20,13,31.49294776,34.477302947999995,"https://earth.google.com/web/@31.49294776,34.47730295,75.0a,500d,35y,0h,0t,0r",31.491490658219934,31.494222861780063,34.47413904489816,34.48045685110183
20,14,31.49294776,34.483524042,"https://earth.google.com/web/@31.49294776,34.48352404,75.0a,500d,35y,0h,0t,0r",31.491490658219934,31.494222861780063,34.48036013889816,34.48667794510183
20,15,31.49294776,34.489745136,"https://earth.google.com/web/@31.49294776,34.48974514,75.0a,500d,35y,0h,0t,0r",31.491490658219934,31.494222861780063,34.48658123289817,34.492899039101836
