longitude,latitude
-179.9,37.018562
-179.7251780662053,37.04358119953322
-179.5514300367717,37.069883480288816
-179.3787136824984,37.097419035694976
-179.20693876550496,37.12613627965909
-179.0360340568964,37.155985538802824
-178.86588832819965,37.18691732346286
-178.69646635932577,37.218883794896186
-178.5277909203883,37.251834847994
-178.3599208040855,37.285725212251165
-178.1929327891471,37.32050653452244
-178.02687266840852,37.3561336040101
-177.86178524390132,37.392563214488206
-177.69766631358118,37.42975138479236
-177.53447569874777,37.46765929904899
-177.37211821209507,37.50624639401384
-177.210381676737,37.54547464378822
-177.0491469377708,37.585310595283076
-176.88823583632322,37.62572006639969
-176.72759622137775,37.666670296315736
-176.5672049553907,37.7081313909838
-176.4071199045569,37.75007408432289
-176.24740695795114,37.79247407345625
-176.0881409953676,37.835305014192336
-175.9294829278435,37.878547167278334
-175.7715056673442,37.922181197634636
-175.61429866636806,37.96608769315742
-175.45805120768006,38.010327785139
-175.30287630845984,38.054904954542074
-175.14901102132217,38.09983011272821
-174.99659339533324,38.14511362576436
-174.8456654943503,38.190769300602035
-174.69626437769048,38.236809967167645
-174.54834011477436,38.28325085494685
-174.40184476122272,38.330104184271185
-174.2566713778715,38.377383446441364
-174.11276302962216,38.42510290310373
-173.96996179622013,38.473280279753546
-173.82823675147836,38.52193171860124
-173.68750099276494,38.57107861900563
-173.54767861273902,38.62074132981442
-173.40869770401744,38.670940181503816
-173.2704713364111,38.721690573495906
-173.13296255623894,38.77300267562167
-172.9960593600894,38.82487600229389
-172.8597676927847,38.877298526081866
-172.7240434721171,38.93025244926205
-172.58892356909578,38.983709602193294
-172.45442986407394,39.037643884106544
-172.32060721419776,39.09202408864932
-172.18748550432886,39.14682507829895
-172.05507462413274,39.20202280737985
-171.92336049567814,39.25760034037157
-171.79232806400873,39.313545746293826
-171.66194729729088,39.36985216300679
-171.5322361769631,39.42651550788085
-171.40318968929955,39.48353280391203
-171.2749318146209,39.540899481625765
-171.14750355249467,39.5986153527141
-171.02131388482834,39.65667553872197
-170.89645583360547,39.71508461245905
-170.77326743200402,39.77384902144854
-170.65183472963864,39.832979370587
-170.5323578024787,39.89249174111968
-170.41484775145153,39.95240808229292
-170.29900266700702,40.01274878095518
-170.18470462387583,40.0735303788972
-170.0715636766931,40.13476566722501
-169.95940084112536,40.19645846803195
-169.8480510913557,40.258603539206035
-169.7374153595351,40.32118633560029
-169.62761353876178,40.38418330631206
-169.51890051611707,40.44756928041083
-169.4113821664753,40.51131677133642
-169.30534637197687,40.57539945660391
-169.20086102626846,40.63979402414025
-169.09796004631963,40.70448231797749
-168.99662835880258,40.76944840717751
-168.8968228906848,40.83467648940281
-168.79841556983033,40.90015115271039
-168.70135033712236,40.96585965443849
-168.60557313801598,41.031790242729045
-168.51108388524653,41.09792391778243
-168.41792950023932,41.164243463912754
-168.32634988860553,41.230727779040464
-168.23642698977278,41.29736348668675
-168.14845476849015,41.36414223661959
-168.06285424787436,41.431068095174474
-167.9796675055614,41.498157869271246
-167.8991926624158,41.56543718994777
-167.82165890892313,41.632947004992225
-167.74694647599287,41.70073786502248
-167.6750036259675,41.768867008266945
-167.60573966752958,41.83740185197077
-167.53904690494807,41.906408891468544
-167.4748346790557,41.975962543931594
-167.4130063674915,42.04614525400409
-167.35353436553822,42.11704314937954
-167.29645413670727,42.18875706824196
-167.24178214930333,42.26138893602948
-167.18975992896543,42.33505264464582
-167.14056899737238,42.40986136157781
-167.09421789180652,42.48593204884841
-167.05069612678605,42.56337675579797
-167.0099921892825,42.64230153642299
-166.97208051589348,42.72280150913629
-166.93694448341412,42.804958751151894
-166.9044954280632,42.88884667046591
-166.87452560464283,42.97452122181665
-166.84694621617825,43.06202681350611
-166.82168444715458,43.15140378039239
-166.7985054148723,43.242678201537956
-166.77734819346082,43.33586635693952
-166.75811583446492,43.430979691990146
-166.74054832225536,43.52801540088005
-166.72462959270064,43.62695955724294
-166.71029753163276,43.72778744610087
-166.69752597857527,43.8304641872378
-166.6863067223402,43.934943817881916
-166.67660852442486,44.041174480960876
-166.66844710908794,44.14909610362148
-166.66177721960287,44.25865289313385
-166.65660656194123,44.36978081342999
-166.6529078837795,44.482424989097694
-166.65066392809592,44.59652949880651
-166.64986949285662,44.712050365984915
-166.65049739922415,44.828948715051936
-166.65255150937,44.94719452795246
-166.65599672721294,45.066766965658715
-166.6608399975646,45.187653996147105
-166.66702233023304,45.309857890376286
-166.6745547434737,45.433382597782426
-166.6833222752426,45.558236646462
-166.69333998508893,45.68443296738474
-166.70442295763567,45.811990410043045
-166.71658727538588,45.94092690076104
-166.72959403271793,46.07126353702539
-166.7434502984511,46.203015286527744
-166.7578821443686,46.3361984075582
-166.77286459829128,46.47081901487542
-166.78815768112204,46.606882210727676
-166.8036973705715,46.744383289111866
-166.8192876089996,46.883310150368985
-166.83481629654426,47.02364130913332
-166.85020126872683,47.16534114240048
-166.86530132954076,47.30836729821967
-166.8800832083544,47.45266092877813
-166.8943025954256,47.59815515545506
-166.90791611459198,47.74476817660907
-166.92076534497536,47.89240871888508
-166.93273983304113,48.040978288543755
-166.94373909299898,48.19037134599081
-166.95358863983927,48.34048269150487
-166.96222795519967,48.491199601850404
-166.96953753971172,48.64241362472944
-166.97547687939507,48.794012945038354
-166.9800004695079,48.94588777061683
-166.98307880973252,49.097929235807946
-166.984682441087,49.25003747485987
-166.9847769459782,49.40212164489024
-166.9833269849024,49.554107907430236
-166.98029227352305,49.70593444684889
-166.97561660575136,49.857556520821944
-166.96923881688716,50.0089384098946
-166.96107575164802,50.16004649563425
-166.951039305326,50.31085818245666
-166.9390583500693,50.46134579675146
-166.9250548269933,50.61149669690014
-166.9089706953738,50.761302149384505
-166.89073996968554,50.910765457302816
-166.87027870133622,51.059898006340696
-166.84750396928013,51.208717177527646
-166.8222378488807,51.357239788227034
-166.79434439209405,51.50547746295412
-166.7635936243104,51.65343625801786
-166.729796519966,51.801111041535336
-166.6927679983403,51.94848466337864
-166.6523119191213,52.09552702407865
-166.6082491188535,52.24220294614004
-166.56041138344358,52.388466201661885
-166.50867147540148,52.53426537448806
-166.45309115065072,52.67954718041915
-166.39362408817513,52.82424183146585
-166.33016899509585,52.96828579218375
-166.2626684816195,53.111594325263354
-166.19133217810102,53.254086467044296
-166.11603070009932,53.39567881089367
-166.03649265548535,53.53628660238823
-165.9526507142785,53.67583815001015
-165.86451455946488,53.814264408558415
-165.7720709339805,53.95150943833109
-165.6753086450405,54.087531290292794
-165.57417753701446,54.222296194446
-165.46828049008192,54.355778974447674
-165.3575303627814,54.48794903020507
-165.24164004791086,54.61878368012706
-165.1204864181671,54.748255489432836
-164.99395231862633,54.876330995847624
-164.8619456032868,55.002978622253615
-164.72439914884754,55.12817167665837
-164.58114786059846,55.25188991710808
-164.43211065672205,55.37411571581565
-164.2771924463628,55.49482950931532
-164.11633710151077,55.614003555103565
-163.94940646287083,55.73160348736656
-163.77618828466362,55.84757628036379
-163.59651727009245,55.96185769260555
-163.4103480522018,56.074367931615086
-163.21749520580533,56.18501484805556
-163.01819419104731,56.29368035924201
-162.81228940330277,56.40023317846264
-162.6000741689107,56.5045259569515
-162.3816657196161,56.606391154510504
-162.15717120000474,56.70564227707072
-161.9270826817085,56.80207606246378
-161.6913102424978,56.895491921575754
-161.44996702689505,56.98570333278046
-161.2032133580493,57.072562558175136
-160.9510677397294,57.15596151163423
-160.69377489377865,57.23583906853571
-160.43164766073787,57.31215979166768
-160.16494691384656,57.38489548257399
-159.89445354382394,57.4540205544497
-159.62086644225423,57.5195097971058
-159.3445605225103,57.58134348840325
-159.0657746993996,57.63950253083428
-158.78495397282146,57.69398588055805
-158.50218549801608,57.74482713763567
-158.2175626598042,57.792109874043575
-157.93128407613588,57.83596817896823
-157.64366453826702,57.87657360842155
-157.35485802286664,57.914138457446796
-157.06519456445488,57.94888721260369
-156.77515726942426,57.981059657573056
-156.4851511852824,58.010882934417225
-156.1954103659336,58.03858597056998
-155.9059717295735,58.064368598578255
-155.61668112751923,58.08841652838676
-155.32719827526336,58.110886324531734
-155.03683475877546,58.1319071501765
-154.74437006859307,58.151588612127014
-154.44880550460417,58.16999829800298
-154.14961919172927,58.18716460501197
-153.84697809146397,58.20307876622792
-153.54163698457268,58.217691314513814
-153.2347315375723,58.23092703309963
-152.9266142966376,58.24268630173343
-152.6164637146899,58.25285189244348
-152.3023742560836,58.261311555936786
-151.98220338308016,58.267953131442766
-151.65540253194268,58.27265513716593
-151.32303015872785,58.275296710472944
-150.98705378339082,58.27576881363651
-150.64952201689002,58.273982036695344
-150.31165861207876,58.269879758505844
-149.97421343703888,58.26343153469499
-149.63778047172664,58.25463163712547
-149.30295678792427,58.24349432367036
-148.97037950292076,58.230043668382216
-148.64051580009846,58.21431852595501
-148.31374493725392,58.196374155087156
-147.99054221250708,58.1762743734659
-147.67129300300599,58.15410041195818
-147.35608974410368,58.12994684701731
-147.04462999932696,58.103937068998235
-146.73606053091498,58.07623899848823
-146.4294363179427,58.04706797812349
-146.12391152674866,58.01667989541295
-145.81878545533547,57.98535897159251
-145.51348244172334,57.95339785369351
-145.20769972460258,57.92106693511334
-144.90136337490455,57.88859955786026
-144.5945102694891,57.85618655457615
-144.28737908099887,57.82397383060582
-143.98022625683575,57.792058209139114
-143.67318506198376,57.76049707871164
-143.3662616433517,57.72932241142861
-143.0593520387795,57.69854268486486
-142.75217021913357,57.66815221265707
-142.44432007836156,57.63812881383768
-142.13534441460422,57.60842958782614
-141.8248589655247,57.578998298898966
-141.51251338116316,57.54975955537529
-141.1980702368817,57.52062144674785
-140.88145299611529,57.491467323309365
-140.56262806213797,57.46216733799591
-140.24153975119123,57.43257274498727
-139.91814635640435,57.4025297342157
-139.59274311683063,57.3718719479299
-139.26551727266252,57.340433524409285
-138.93680203958806,57.30804293142596
-138.6067976714412,57.27453724752032
-138.2756444410602,57.23975782676317
-137.94350668992325,57.20356091283805
-137.6106038599719,57.16582449658824
-137.27763645696746,57.12643935952495
-136.9452360516994,57.08531059992024
-136.6137592959365,57.042361578908036
-136.28346192518467,56.99753412131302
-135.95457270738476,56.950777175893705
-135.62745043666362,56.902045094271315
-135.30255203012223,56.85131877768035
-134.9794805057266,56.79860304946134
-134.6576469845109,56.743925614555195
-134.3368826106369,56.687318248831176
-134.01715653140357,56.62881309433096
-133.69791190425076,56.56844570893898
-133.37891387862913,56.50624917164385
-133.0602746095152,56.44225696768473
-132.74195121218446,56.376494294291646
-132.42368979495205,56.308985317812784
-132.1056174161859,56.23974245481563
-131.7876841131564,56.16877393485967
-131.46954088495164,56.09608036086955
-131.15128169843007,56.02165430118864
-130.83298747465844,55.945478383973224
-130.5144900730295,55.86752238115359
-130.1957913052142,55.787745283976435
-129.87701494026084,55.70609652345237
-129.55814778540565,55.6225341597318
-129.23940267305855,55.53702121491159
-128.92105942114404,55.449517403397536
-128.60315285017074,55.35998356485025
-128.28560984149385,55.26839403482403
-127.96838533128769,55.174735020145974
-127.65230326493251,55.07899273639088
-127.3378266191734,54.981161057098845
-127.02507937433097,54.881235412795334
-126.71438347189448,54.779202324700485
-126.4054178555422,54.67505026726495
-126.09815542451562,54.56875736472844
-125.79254604155578,54.46029384705125
-125.48843648322548,54.349611417460366
-125.18593752330295,54.23666056666326
-124.88506085853176,54.121375240241534
-124.5861681589995,54.00368277632255
-124.28953909106578,53.88350988966015
-123.99532840048752,53.76080086893848
-123.70351589916774,53.63551480644753
-123.41411839861914,53.50761062454083
-123.12686674092828,53.37705455907145
-122.84143371827174,53.243802112395386
-122.55796710863046,53.10780460527308
-122.27650271413103,52.9690188728145
-121.99683746802137,52.827430847531915
-121.71889848130049,52.6830648644522
-121.443128066215,52.53598789279593
-121.1700647682357,52.38631746032958
-120.89961226353857,52.23420101101177
-120.63207832508186,52.079806133046745
-120.36797475122933,51.92330547762854
-120.10738634484852,51.76487365710973
-119.85115895130207,51.60469278854738
-119.59873045376762,51.44295645571674
-119.34860669013841,51.27985052308105
-119.10093842584283,51.11554129994733
-118.85562037848766,50.95018527151517
-118.61143725442294,50.783939021130415
-118.36826466581968,50.61693612149992
-118.12820015089119,50.44928894007372
-117.89158329854305,50.2811249185059
-117.65658567921157,50.112572455902914
-117.42346568057008,49.943715366405954
-117.19339943718698,49.77458024845408
-116.96614087357803,49.60515123207437
-116.74162673320657,49.43537260720872
-116.52069169494999,49.26517253952202
-116.30274157676541,49.09451275761566
-116.08617217051975,48.923351628981266
-115.87035827153272,48.75164602465216
-115.65616448028639,48.57930697268622
-115.44511538111577,48.406240469863555
-115.23821060982199,48.23236492411926
-115.03531604381075,48.05765395118364
-114.83627879033196,47.88213125352429
-114.64191518983765,47.70586908255194
-114.45142586161829,47.52900411116545
-114.26339368868382,47.35173185007102
-114.07795968458336,47.17427265393491
-113.89670298548542,46.99687027254977
-113.72039768093454,46.8197601531008
-113.54857372662408,46.64315145664984
-113.38093690186166,46.46721453631309
-113.21846983469979,46.29208388041923
-113.06107799461388,46.11786192421573
-112.90868879573281,45.94463900203338
-112.76077868449964,45.772513519527195
-112.61702919245977,45.60160194061203
-112.47589483654293,45.43202036472613
-112.33584605083838,45.26386681801159
-112.19574812748279,45.09720751274048
-112.05517011235794,44.93205342834788
-111.91442878625513,44.76835610938748
-111.77384967266958,44.60601105966775
-111.63344322034003,44.444898229932704
-111.49297188980671,44.28490070993881
-111.3520752163932,44.125918154197606
-111.21029680532874,43.96786565797866
-111.06805826176786,43.81065628398437
-110.92593120765441,43.6542064059434
-110.78435930761826,43.498441985377745
-110.64348532591441,43.3433113660439
-110.50440911774737,43.188780496082984
-110.36859150236396,43.034806665681316
-110.23754431225166,42.88134993075686
-110.11126954279652,42.72840928213442
-109.98862037603277,42.576026987453716
-109.86878632573075,42.42431677037783
-109.75083198046525,42.27340892851072
-109.63430700636744,42.12344953172113
-109.51902804838073,41.974579423621805
-109.40490454838121,41.826895021152026
-109.2914458468276,41.68047157864446
-109.1787040671791,41.53533585698471
-109.06604234016208,41.39151778155071
-108.95346682646392,41.24905232441603
-108.84048887570803,41.108016730706495
-108.72657097582098,40.96851847028249
-108.61075853186286,40.830647928434544
-108.49254087072475,40.69447745138449
-108.3711730829362,40.56002846063591
-108.24669731502627,40.42733276295044
-108.1190337607396,40.29643272531526
-107.9891477313994,40.1673939148657
-107.8572346153435,40.04030043509421
-107.72429192105135,39.91526070571053
-107.59076725466095,39.792405672295814
-107.45733127047987,39.67187625610365
-107.3237646367957,39.5538184660376
-107.18988997552427,39.4383681182059
-107.0548117278464,39.32562332683495
-106.9186651587251,39.21564147127459
-106.78202633097828,39.10843490586944
-106.64562714502772,39.00398026884444
-106.51130437941143,38.902225123548526
-106.37939376419864,38.80310992738676
-106.25056700295032,38.70656859461023
-106.12461385445891,38.61254909028214
-105.99943809281622,38.521007041642335
-105.87425754255518,38.431906040742575
-105.74689602454012,38.345212082147384
-105.61690525414501,38.26086422413018
-105.48352485817705,38.17878295815295
-105.34670339625791,38.098872519464955
-105.20615049023752,38.02105124087598
-105.06210979766945,37.9452440025045
-104.91486705833603,37.871393491378356
-104.76503304533476,37.79944890175594
-104.6130915652528,37.729367011117176
-104.45974048212754,37.66111661392923
-104.30497973625161,37.594684710329204
-104.14890931279163,37.53006784106103
-103.99154816561843,37.46725591896554
-103.83285729973622,37.40625012315437
-103.6727919406706,37.347099659790175
-103.51150153235913,37.28990084351119
-103.34919371102839,37.23479172212578
-103.18650926449585,37.181942354367955
-103.02360085253261,37.131496040601576
-102.86063202456471,37.08357203092203
-102.69708918100088,37.038258685161026
-102.53247255675863,36.995608299229744
-102.36613827345238,36.9556488306773
-102.19762324410797,36.918362406216744
-102.02672828251637,36.88370894026303
-101.85333610515325,36.851626970836705
-101.67741744593758,36.82205863174296
-101.49895499273303,36.79493600177791
-101.31796742383784,36.77018899441522
-101.13447435783225,36.74773451867275
-100.94857136197328,36.72747813462578
-100.76037404923576,36.70933531038653
-100.5700060646603,36.693228477250386
-100.37756504437597,36.67907818594864
-100.18312862931568,36.666806079059576
-99.98677246502625,36.65633480833667
-99.78857021544722,36.647591034677
-99.58858756297394,36.64050545567841
-99.38686924074487,36.6350198652732
-99.1834110375299,36.63108828231805
-98.9781607655695,36.628669946075014
-98.7710302558554,36.62772826110751
-98.56198431126305,36.62822038861977
-98.35110970582383,36.63009692954832
-98.13849017685779,36.63330049869267
-97.92418041146921,36.63776284416181
-97.70818105599595,36.643406962175014
-97.49042272995707,36.650150170516206
-97.2707200403163,36.65790731977472
-97.04877561359034,36.66659777489993
-96.82435707561024,36.676140602304166
-96.59728908834884,36.68646260652143
-96.36747232675609,36.69749324299542
-96.134911538171,36.70917748934183
-95.89972148255104,36.72146281792828
-95.66209995112834,36.73430331983973
-95.42232074811216,36.747655737070865
-95.18068070961918,36.76148370590634
-94.93743069521575,36.77575607385046
-94.69279259692419,36.79044882152708
-94.44696635292763,36.80554803049792
-94.20005898046902,36.82105720928295
-93.95212654785088,36.83699110052283
-93.70325219657693,36.85338032268181
-93.45348013745547,36.870270673188124
-93.20286263173203,36.887718912610964
-92.95153500407697,36.905795420163074
-92.69972262873308,36.924581161582225
-92.44769892077275,36.94416588205319
-92.19569533704724,36.96464851956663
-91.9437753591442,36.986133783663824
-91.69181446604122,37.008726247357494
-91.43966411859756,37.03252659393157
-91.18717673632607,37.05762650217206
-90.93423270170116,37.08410952234878
-90.6808193547329,37.11204971338864
-90.4269809934942,37.141511872519466
-90.17272689346277,37.17255595777252
-89.91805931181857,37.205237959371416
-89.66301948236598,37.239608688470256
-89.40754164463067,37.27572044765049
-89.15160000556635,37.31361835585228
-88.8951797766036,37.35334848148361
-88.63827313235608,37.394948860886686
-88.38088618758245,37.438444466240576
-88.12323401809397,37.4838513098974
-87.86542560436943,37.53116489127576
-87.6071528440213,37.58036362522437
-87.34810551986106,37.63140093604139
-87.08804730828369,37.68420690839466
-86.82690482425744,37.73869787845018
-86.56519261684133,37.79477448189935
-86.3029442447606,37.85234056359692
-86.04012028128903,37.911303303645965
-85.77657325491073,37.971560378285794
-85.51240964090914,38.032997297280964
-85.24759485634748,38.095487218128795
-84.98186835282284,38.158911336243
-84.71507462675355,38.223160364679735
-84.44722425088602,38.28814125389824
-84.17825590895515,38.35378528479179
-83.90804534966054,38.42003802745724
-83.63659338927657,38.4868594777236
-83.36413295185967,38.55423256561927
-83.0908470217011,38.62215345067941
-82.81690365673624,38.690634361163546
-82.54229899479364,38.75970531512677
-82.26716924111832,38.829410687463174
-81.99157671196487,38.89981919268662
-81.71563779191145,38.971014297137394
-81.43960796511348,39.043100828513815
-81.16391473228373,39.116186824497206
-80.88864453343135,39.19036788908758
-80.61405572867237,39.265721836489426
-80.34053752517626,39.342292879588385
-80.06825699926053,39.4200972511947
-79.7976510866086,39.499119944358206
-79.52897261461553,39.579322797471264
-79.26264233082557,39.66064987750218
-78.99900291930533,39.743031609811354
-78.73592003053973,39.82639679645274
-78.47047527276118,39.910666840411935
-78.20129919193548,39.995746030413436
-77.92873930214006,40.08152776924351
-77.65400410377826,40.16790050523181
-77.37752811000992,40.254757241584294
-77.09983284226297,40.3419925819055
-76.8213698272966,40.42950245129084
-76.54169364266679,40.517195894551506
-76.26069790368987,40.60498939941842
-75.97851626907962,40.69280835122658
-75.69505451936938,40.78060518221269
-75.41089451982003,40.86834921961763
-75.12644224777789,40.9560345987755
-74.84200478726957,41.04367890947267
-74.55830429143063,41.131313835282725
-74.27548000681031,41.218992737226216
-73.9935572730179,41.30678949970071
-73.71234452380885,41.394799003547156
-73.43158127633829,41.48313444632516
-73.15128705858669,41.571910739557126
-72.87175336810832,41.661235545566164
-72.59291865106626,41.75120614808757
-72.31468516110232,41.841877996643184
-72.03762897481309,41.93326644554598
-71.76218098201645,42.02534651550854
-71.48899891397832,42.118058185018945
-71.21874750189072,42.21134140041517
-70.95148345580121,42.3051329005677
-70.6871675372915,42.399380865147194
-70.4254545616925,42.49404587912868
-70.16570432448214,42.58908488243865
-69.90734559285328,42.684448498158346
-69.64966517223961,42.780096001473204
-69.39227880489732,42.875972156649205
-69.1352602420305,42.972022624383
-68.87855528671504,43.06820465314349
-68.62227274949329,43.1644767427395
-68.3663614471881,43.26079912782967
-68.11074214180309,43.35712017179974
-67.8560326890337,43.453407036568116
-67.60260787365236,43.54961200029107
-67.35093663100498,43.64571990904639
-67.10137796189794,43.741730113980665
-66.85360592947707,43.837657112234695
-66.60735767889548,43.93353311140818
-66.3621643942221,44.029399265149124
-66.11739831631738,44.12530945724638
-65.87313773370984,44.221326328791065
-65.6291889056468,44.317506770210684
-65.38569715210032,44.41392011479975
-65.14289977370052,44.51063127335027
-64.900771018737,44.607694364707505
-64.65937512077149,44.705160094389406
-64.41873024955059,44.80306537933394
-64.17900651810315,44.90143443848831
-63.94063605506618,45.00029428742377
-63.70376096457814,45.099667273709194
-63.468947277412255,45.19955879769178
-63.23633285891957,45.29993922586037
-63.00563338140837,45.400737863351466
-62.776276341102374,45.501846338461476
-62.547468034469645,45.60311329497675
-62.31863060413511,45.70435338497023
-62.08953105129858,45.805349676288714
-61.860110260502594,45.90585943788207
-61.63081406962755,46.00562861939218
-61.40144326824226,46.104394132993185
-61.17171665596619,46.20189526745406
-60.94145507267885,46.29787984297539
-60.710308424363646,46.39211046499207
-60.478399685501145,46.48436356633941
-60.2458569177838,46.57443455668791
-60.01286022369155,46.66212760678356
-59.77959678370935,46.747263855042874
-59.546072830752934,46.829676271077155
-59.3120516554155,46.909210940440175
-59.07740267577282,46.985741461545494
-58.842225426889584,47.05916637617067
-58.60686259283243,47.12941610967611
-58.371784961954106,47.19644349929132
-58.13722951338336,47.26024345654665
-57.90323244423425,47.32085881564498
-57.669720168646165,47.37837991550998
-57.436667316117536,47.432943874111444
-57.20417364802172,47.48471623500369
-56.97221502349045,47.53388411103631
-56.74061423437598,47.58062031792727
-56.50906101422598,47.62508528238431
-56.277288999673615,47.66741822925009
-56.04537084214802,47.70776082633972
-55.81367508891306,47.74623138220879
-55.58259036510046,47.782965113376
-55.3522611652222,47.81806935732796
-55.122720906881995,47.85163496153991
-54.89404589700102,47.88372857624654
-54.66625929149451,47.91438409545305
-54.43928315548543,47.9436158772562
-54.21304241168592,47.97140726630107
-53.98761487555821,47.997717904765146
-53.76324130573079,48.02249468631351
-53.540174332104996,48.04565644979206
-53.31849854042542,48.0671128057555
-53.09803454218546,48.08677957722536
-52.878535018488904,48.10458789938056
-52.65986181004058,48.12050340640731
-52.44216598414101,48.13454040462295
-52.22575174426326,48.14674249731823
-52.01097338521063,48.15717305792911
-51.798156252613865,48.16590659296894
-51.58755972495001,48.17302491200714
-51.37943219918367,48.17861387509259
-51.17384908328978,48.182762136820784
-50.970774768042645,48.18555486163879
-50.77008862674154,48.1870736044304
-50.571605992024814,48.18739121411845
-50.37505213777277,48.18656795312185
-50.18007135709152,48.18466845584034
-49.986349983980034,48.18176616367791
-49.79358346257143,48.17795847644952
-49.60148033790506,48.17336473403068
-49.40961426667312,48.16812889608218
-49.217654955076995,48.16240548123258
-49.02531614559692,48.15635680593948
-48.832339575825046,48.15014405807045
-48.63852293683405,48.14391816839747
-48.443878820978426,48.137808080445375
-48.2485346862064,48.13191320986407
-48.05269585185718,48.12630261437543
-47.856652475622724,48.12100996167597
-47.66077962703386,48.11604952926804
-47.4652403686716,48.111434568365
-47.27011773181064,48.10717169768424
-47.07542777139682,48.10327284361314
-46.881092543367345,48.09975036426957
-46.686986049051114,48.096604838356015
-46.49305926140778,48.09383049098675
-46.29931807473781,48.09140429484709
-46.10582634598697,48.089294956319875
-45.91278191231629,48.087466566384606
-45.72037961091823,48.085883229799414
-45.5288113065744,48.08451506503777
-45.33825691012149,48.08334224558222
-45.148864419998574,48.08236409168694
-44.960626914358386,48.08159763532278
-44.77346957770703,48.08108322053362
-44.58727773735177,48.08089237475147
-44.401844827206276,48.08112004771042
-44.21697037757144,48.08188216136582
-44.03252700065002,48.08331230220314
-43.848412395645624,48.085562941685524
-43.66458129790382,48.08879428939775
-43.48100847930215,48.09317446298266
-43.2976277259292,48.098874768359444
-43.11433281510992,48.10606469518344
-42.93085751667073,48.11491246799142
-42.74706257154159,48.125579728088056
-42.5628786647994,48.138215795403184
-42.378353411394045,48.15295445265825
-42.19385332186738,48.16990601767895
-42.00971678304896,48.18915393717632
-41.82630403915712,48.21075055714506
-41.643986187322156,48.23471617339576
-41.462934188997394,48.26104200063081
-41.28314385132421,48.28968605766471
-41.10450588150809,48.32058484579607
-40.926706837341385,48.35364280361852
-40.74953318370393,48.388743910648905
-40.57281627936496,48.42574893996718
-40.396592389073845,48.46449772332448
-40.22104473010083,48.50481941742445
-40.04630044222782,48.5465264363512
-39.872534683102,48.58943497368851
-39.70014960338341,48.63335918044765
-39.52934343855554,48.678132144396926
-39.36024646615505,48.72359626552537
-39.19293406993478,48.76961719618769
-39.02737674039125,48.81608407074805
-38.86355811485586,48.862917963525724
-38.701402909361434,48.910057219640436
-38.540825987018025,48.957472229803145
-38.381660358772905,49.00516576100323
-38.22378814987829,49.05316535491539
-38.0670786005455,49.101523612658085
-37.91142302423978,49.15030903413767
-37.75658475874093,49.199595707096066
-37.60239314113255,49.2494574161453
-37.44865549495168,49.29996504697232
-37.295141098207324,49.35117965989889
-37.14180718099689,49.40315145189135
-36.98823489471181,49.45591434702768
-36.8341892739808,49.509476424560155
-36.67935327621856,49.56382914053627
-36.523199782975894,49.618947915687016
-36.365511562304874,49.67478274720462
-36.20590931507297,49.7312693764856
-36.04444870540951,49.7883345470988
-35.88111632468565,49.84588931969034
-35.71643070813951,49.90383131161177
-35.550747392728596,49.96205888885357
-35.384353874791685,50.020461729816816
-35.217786625076855,50.078923369328926
-35.05103411551934,50.13732885912448
-34.88411181317653,50.195562126940956
-34.71683519180837,50.253509019080646
-34.54890974011349,50.31105888703071
-34.38011295062407,50.368101751580625
-34.21006336807088,50.42453936367126
-34.03858656715164,50.480279523444125
-33.865688171187145,50.53524020420683
-33.69130188233649,50.589356709774854
-33.51547545667091,50.64257582024909
-33.33825272378991,50.69486033393322
-33.15980861754741,50.746195447221396
-32.980314140732645,50.79658137472111
-32.7997983848974,50.846037983027976
-32.618315487258315,50.89459502381022
-32.43612561960248,50.942289302519
-32.25352998084176,50.98916343623425
-32.07084675592998,51.03525696398863
-31.888370153038665,51.080614534991106
-31.706631373246637,51.125278709949335
-31.52592962926545,51.16929511509735
-31.34656114761694,51.212712390416186
-31.168919167578508,51.255581730346144
-30.993191907625402,51.297950270920076
-30.819376579061498,51.33986402543144
-30.64746841158353,51.38137301631724
-30.47709061125431,51.42252297462805
-30.307961323427463,51.46334619522825
-30.13977670287423,51.50387707400438
-29.971827867301727,51.54414286705313
-29.803870869805166,51.5841556949205
-29.635690712652234,51.62391654507504
-29.467031357207134,51.66341759338822
-29.29796171088455,51.70263852316244
-29.128545658187505,51.741554040717276
-28.959031040342495,51.78012900737782
-28.789598680911126,51.81832459223412
-28.620359381228923,51.856097285930375
-28.451440887337526,51.893391501158405
-28.282777915164246,51.930145537109155
-28.114292166994687,51.966294752712614
-27.94574431006967,52.00176724643636
-27.776905983956652,52.03648506628957
-27.607688803782196,52.070364617331435
-27.43801337998491,52.103321263295754
-27.267835322634397,52.135270207165625
-27.097117264690695,52.1661316197213
-26.92580185310348,52.1958287635689
-26.75379873976337,52.22428605286896
-26.581056599113992,52.25143272260707
-26.407548123717362,52.277201897497584
-26.233245992356842,52.301523702286495
-26.058202878379234,52.32432689430018
-25.882473418367084,52.34553222176363
-25.706136211906852,52.36505232275718
-25.529228859017422,52.382800023669105
-25.351764923227847,52.39868026120115
-25.173720977643143,52.41260014197037
-24.995106640949018,52.424476620923414
-24.81598958174115,52.43423738650407
-24.636459555647747,52.4418290259124
-24.456755431547464,52.447222441746106
-24.27702716192948,52.45040694517911
-24.097394800642547,52.45139398493961
-23.917954484460495,52.45021311979496
-23.73865739302238,52.44690357438482
-23.559430756741932,52.44151568346184
-23.380189824531044,52.43410383685101
-23.20079688260367,52.424730667715416
-23.02130317843728,52.4134499412488
-22.841830954167506,52.40031409656115
-22.662618418556434,52.38536804006254
-22.484085723332072,52.36864384238599
-22.30656996139038,52.35016095551047
-22.130393175263862,52.329927900424074
-21.955954369929884,52.30794484454776
-21.783410506989554,52.28420306688423
-21.61284550288508,52.25868418182165
-21.444261228994776,52.23136018046959
-21.277525507588734,52.202192669499176
-21.112561100649515,52.17113000311039
-20.949147744110547,52.13811519234793
-20.787070137109737,52.103083225376494
-20.626233986694388,52.06597053460155
-20.466468019095345,52.02671790603789
-20.30771795012393,51.98526358835484
-20.149967541119253,51.94155565558688
-19.993101554464573,51.895542636463325
-19.8370907424505,51.847170664747175
-19.681903861981482,51.79638688337663
-19.527503651653774,51.743134462889316
-19.373920876903668,51.68736226144398
-19.22116229423486,51.62901724744948
-19.069317728168755,51.56806100794768
-18.918493035208172,51.50446205642059
-18.76887217666939,51.43821154786319
-18.620574151297234,51.36930893572314
-18.473767049177354,51.29777344818611
-18.328586015857894,51.22363646487622
-18.18513322938523,51.14693651690865
-18.04344792358475,51.06772442462328
-17.903587336684893,50.98605192567766
-17.765545702985605,50.90197004709114
-17.62925724823407,50.81552809147679
-17.49468616111787,50.72676722374573
-17.3617996027358,50.635722595093775
-17.23052969321992,50.54242051756231
-17.100985537056687,50.44688349028515
-16.973296256893207,50.34913792049639
-16.84766497459603,50.2492098755572
-16.724254849196655,50.14713360645946
-16.60323209021658,50.04295435030042
-16.484673940266134,49.93672475286954
-16.368585720793988,49.8285147904641
-16.254946785673127,49.71840155872239
-16.143735548494618,49.60647515773845
-16.03486546946371,49.49283598603784
-15.92838303953306,49.37759083121966
-15.824354767815919,49.26085038898328
-15.722849177183036,49.14272834581065
-15.624158806514146,49.0233413593371
-15.528404182724415,48.90280387720444
-15.435821826912616,48.78122881429129
-15.346601246894664,48.65872630137314
-15.260839928492459,48.53540189182289
-15.178608344034046,48.41135826305279
-15.099950897228467,48.28668321204806
-15.024822946794814,48.16145494466551
-14.953169787257309,48.03573771283832
-14.88488862638178,47.909576989158204
-14.81980060384248,47.783003595433755
-14.757795798878561,47.656035036702114
-14.698589223681807,47.52867462191217
-14.642029856880356,47.40091804464109
-14.587957617490133,47.27274803993904
-14.53630639138521,47.1441399111996
-14.486995046226554,47.015065030751686
-14.439942389967626,46.885481771061315
-14.395149238882851,46.75535012795751
-14.352622386218883,46.62462506976476
-14.312373657319853,46.493268541769346
-14.274411905118768,46.36124850297287
-14.238767037441619,46.228544815799985
-14.205451031197498,46.09515242518889
-14.174422914376095,45.961077519384276
-14.145635788516444,45.82634231401931
-14.119024764533123,45.69097110737786
-14.094529013006081,45.55500117923519
-14.072091718251443,45.41847279096339
-14.05165307380301,45.2814282176921
-14.03317528674097,45.14391263347602
-14.016617582548804,45.00597522610629
-14.00197016341852,44.86766004104759
-13.989195227244664,44.72901025237572
-13.978278976261436,44.590069923926876
-13.969177571683645,44.450874257418505
-13.961845174747225,44.31145846375377
-13.956224919246694,44.17185180442081
-13.952215944033753,44.032084742983784
-13.949758369155973,43.89218355474108
-13.9486603114604,43.75217412126141
-13.948862872612551,43.61207871329249
-13.950104151826338,43.4719195339466
-13.952297209726737,43.331709982666936
-13.955244108109525,43.19146396870603
-13.95882288041156,43.051189052321064
-13.962913532491513,42.91088678464673
-13.967349070703506,42.770558932682945
-13.972065477351208,42.63020179041604
-13.976889708330475,42.4898061525192
-13.981790718039491,42.3493621614771
-13.98664144351747,42.20885640073279
-13.991396807160186,42.068272077145046
-13.99597574092877,41.927594562895095
-14.000321171938424,41.78680811994571
-14.004390031749466,41.64589794594881
-14.008140265690457,41.504852233931786
-14.01155782798017,41.36366104830041
-14.0146646862365,41.2223172880852
-14.017480812691247,41.0808148614919
-14.020072174498125,40.93914646546447
-14.02252574777512,40.79730670047533
-14.024910495051472,40.65528724970034
-14.027317360252823,40.51307569531428
-14.029772292583345,40.37066091801833
-14.032355213120269,40.22802555056166
-14.035078066622532,40.0851575379563
-14.037994774441756,39.942039632366196
-14.041112276796554,39.79865880177832
-14.044441513863688,39.655001995808156
-14.047931454030731,39.51106244876625
-14.051564069930436,39.36683424338767
-14.055209362933851,39.22231797674644
-14.058831360977962,39.077519814122844
-14.062330124824939,38.93245321466748
-14.065626737979812,38.78713654102778
-14.068658334300409,38.64159908224913
-14.071286080596508,38.49587747636173
-14.073467161036632,38.350011920437396
-14.07503480243318,38.20405218096978
-14.07594122575054,38.05804647791073
-14.076101670714849,37.91204720110631
-14.075467385858218,37.76610857503795
-14.074015610252928,37.62028270479336
-14.071738587405804,37.47462262655655
-14.068645537679998,37.32917629848535
-14.064760667501872,37.183988609876096
-14.060108201669237,37.039108449982905
-14.054708323686242,36.89457572652635
-14.048577203320605,36.750427365630145
-14.041722987459991,36.60669533021376
-14.034147790905223,36.463404610827766
-14.025868719113191,36.320578129150654
-14.01690983613102,36.17822977480572
-14.00728521988998,36.03637648331337
-13.997003920816809,35.895029213221704
-13.986036017306759,35.75420510213772
-13.97437259212657,35.61392219120746
-13.961910733627349,35.47419995329687
-13.948605511176794,35.33505359492719
-13.934360008469838,35.19650156141766
-13.91912627194148,35.0585540731209
-13.9028573617949,34.92122434576501
-13.885527338011684,34.78452549862769
-13.867131283316382,34.64847555448346
-13.84769031690226,34.51310041660769
-13.827235585414456,34.378431942283655
-13.805847285502892,34.244512763627675
-13.78358562780707,34.11138860458194
-13.760587877268904,33.97911683531055
-13.736937303992676,33.847756073982424
-13.712776209610553,33.7173716677129
-13.688205909965774,33.58803215189361
-13.66331972098601,33.45980609865925
-13.638131954839139,33.33276144299231
-13.612653942096358,33.206970133611726
-13.586821018723242,33.08250546828458
-13.560555520822561,32.95944080448531
-13.533752766410231,32.83784562373825
-13.506293082846213,32.717791476439764
-13.47809675573265,32.59934072936611
-13.449053075591621,32.48255689166215
-13.419154313487212,32.36749899944861
-13.388314745899095,32.25422744708007
-13.3565356392036,32.14280022935192
-13.323697265646189,32.03327689678711
-13.289785887168449,31.925714513084714
-13.254705784948499,31.820174518517554
-13.218408235075714,31.716717137503764
-13.180861504274503,31.61540051640366
-13.142019882381277,31.516287865825113
-13.10184864993073,31.419440345875422
-13.060400091132806,31.32491971707106
-13.017639486522057,31.23278713951933
-12.973565111692295,31.14310262177315
-12.928207241899713,31.055926025413367
-12.881533153064908,30.971317501372088
-12.833533097901721,30.889332094997982
-12.784202329071007,30.810024828675324
-12.73352504882817,30.733439775426074
-12.68148045488843,30.659620031247112
-12.62807872167565,30.588603549808866
-12.573330991452934,30.520421280262724
-12.517235411213505,30.455105231456933
-12.459744100878396,30.392681623575353
-12.40086818893218,30.333178405801014
-12.340618790080725,30.276620527348584
-12.278987028426684,30.223035029269184
-12.215863992384328,30.172441411986004
-12.151227746486,30.124853776394687
-12.085025341812383,30.08028336580169
-12.01723879233191,30.03873326284716
-11.947854089006512,30.000201531852472
-11.876787218943548,29.964685558650938
-11.803967146148835,29.932177669421208
-11.729412815307455,29.902665777025184
-11.653140161950375,29.8761358081245
-11.575164112433356,29.852571693994754
-11.4955135700001,29.831952301664003
-11.414222469991728,29.814263475122097
-11.331322729398948,29.799487067586814
-11.246858283457385,29.78760887711923
-11.160880053550216,29.778611669661917
-11.07348492383241,29.772469999969488
-10.98475477861723,29.76915849168971
-10.894752502418157,29.768651855735
-10.803612034114565,29.770936476796958
-10.711420280931208,29.77599195550623
-10.618242173289389,29.783802993484002
-10.524068651576613,29.794356632203296
-10.428958637091739,29.80763560086367
-10.332897061099743,29.823624968516484
-10.23581486002817,29.84231105221792
-10.13777100569743,29.86368758105151
-10.038705452811598,29.88774483069536
-9.938631146119064,29.914470741568632
-9.837593039216387,29.943855107097328
-9.73564105349729,29.975880697816905
-9.63280311977337,30.010532385285018
-9.529212172341488,30.04779555879667
-9.424896123641616,30.087651089951713
-9.319924917820998,30.130086657375315
-9.214436484530893,30.175086627408653
-9.108472759028075,30.222636807298557
-9.002173684721328,30.27272455416881
-8.895532211162958,30.325338900285562
-8.788634240995378,30.38045845088289
-8.681545663293434,30.43805890308404
-8.574292376739606,30.49811813770625
-8.466964251784134,30.560607741685907
-8.359599159425557,30.625499540789015
-8.251893965073492,30.69276492697373
-8.143932488719685,30.762364514849736
-8.035613520157113,30.834252768782783
-7.926840835347377,30.908381130205896
-7.81758619116323,30.984696728278628
-7.7078203123379865,31.063139696827264
-7.597560895551908,31.14364395387613
-7.486865669213472,31.226150233660654
-7.375702339716042,31.31059468382793
-7.264186625670732,31.396915772247603
-7.152516217266282,31.48504559023669
-7.0405308268391025,31.57492187332
-6.928135156854154,31.666480058506426
-6.815377926629083,31.759658921388382
-6.702094811799469,31.854388215946564
-6.588338499490504,31.950599699475703
-6.47424168976255,32.048227761808725
-6.359749176516175,32.1472276560285
-6.244994788401584,32.24756176707975
-6.130083441639499,32.34921161290025
-6.015048094546074,32.45216804201996
-5.899972746235164,32.55643066863723
-5.784863378272121,32.66199546523698
-5.669469979515043,32.768860580070104
-5.55385152178448,32.87701974222015
-5.43785092406452,32.98645567295866
-5.321430076526866,33.09714454706812
-5.204590822992657,33.20905235572135
-5.087328053285546,33.32215512213589
-4.96954164904551,33.43642730587368
-4.851193550965945,33.551856081601144
-4.7320287204004785,33.66843362059688
-4.612333117589543,33.78615060938242
-4.4920536925705505,33.90499629149625
-4.3712693939886265,34.024959304217134
-4.25001213883445,34.146021500762835
-4.128091823475785,34.268160754022595
-4.005579323156184,34.391349738186925
-3.8821984616644727,34.51555072130121
-3.757689016691927,34.64071589803033
-3.6319887592486566,34.76679555366001
-3.5052953795235737,34.893721779507274
-3.3779595614988693,35.02142496418949
-3.250112959316567,35.14982950223794
-3.1217362241183366,35.27885948171888
-2.9930019544992774,35.408427108982195
-2.8637707844952445,35.53845302328158
-2.734323362083842,35.66885993482019
-2.604235351864162,35.79957579175838
-2.4733844428073724,35.93053315514438
-2.3417083508090286,36.06167031039051
-2.209312789992765,36.192924771305705
-2.076364528953235,36.324245771406886
-1.942862370207422,36.455590315740466
-1.8088941474834428,36.586922000512956
-1.6744507230899615,36.718210867376676
-1.539731998467147,36.84943499797771
-1.4047709227452003,36.980583240867134
-1.269833442596962,37.11164337445567
-1.1349505301382123,37.242609256427414
-1.0004241270690386,37.37346749986007
-0.8662441829733893,37.50420715079842
-0.7327116303761727,37.634812826934144
-0.5997813870802133,37.76526673513656
-0.4676553866547408,37.89555394779215
-0.33632361542655076,38.02567151086134
-0.20595310378439535,38.15562565725984
-0.07658494774625524,38.285437198458176
0.051658785081514225,38.41512057396716
0.17867398097388332,38.54470030586388
0.3043825580817838,38.67419403571407
0.4287824061971435,38.80362575407886
0.5518824379605292,38.933014502093734
0.6737815466915151,39.062383734210925
0.7945396444926018,39.19175272580266
0.914292670221954,39.32113510136312
1.0331195403745426,39.45054922353972
1.1511272262645207,39.58000158370702
1.268445680592066,39.70950277883358
1.3853549279610604,39.83904809498825
1.5020480444148632,39.9686214187756
1.6188841731390085,40.09819239937601
1.7360355098130924,40.22771882721788
1.8538912753851946,40.35715348944718
1.9725886888684272,40.48644901579434
2.09228891390822,40.61557014609228
2.2129121212848872,40.74447951330108
2.3343434224403268,40.873152589493024
2.456596941234608,41.00156243925315
2.579778773000072,41.129688549647945
2.7042139740163122,41.25751941349954
2.8301565921259737,41.38504519751473
2.957719649101506,41.512261420741375
3.086811109170327,41.63917566055039
3.2169829862433517,41.765783859353974
3.3478473578990133,41.89206823528456
3.4788544090604603,42.017987262671134
3.6098493847850364,42.14348723017675
3.740694612622576,42.26849650473324
3.8716474435139503,42.39293926752215
4.003007296850171,42.516724892784076
4.135151545270844,42.63977311289853
4.268387484074964,42.762020338564355
4.402953363360439,42.88341266346639
4.5389903469837805,43.00391473558
4.676598594640836,43.123492014562046
4.8158112437699,43.2421146522939
4.956461433918747,43.3597518820815
5.098374277162094,43.47637890042449
5.241339890536921,43.59196974308241
5.385293366586268,43.70650411172916
5.530203760751618,43.81996986411214
5.675799121830693,43.93235575107425
5.821788489635679,44.04365243617266
5.968071934114562,44.15384446027786
6.114726573869916,44.26290617731563
6.262003603748127,44.37079574055163
6.410107329320255,44.477447087639455
6.559759092040423,44.58278753084506
6.711471281495761,44.68673342262856
6.865930244102373,44.789210914515756
7.02305928839516,44.89015265356178
7.182603651300411,44.98950646912091
7.3438235059666965,45.087232962843814
7.50587091645275,45.183316240097334
7.668213906741158,45.27774985751306
7.830439476595075,45.370532918222224
7.99271567935719,45.461654193954736
8.155613587083764,45.5510993074227
8.319679340988074,45.63883876667452
8.484932129177764,45.72483165940726
8.651275228248437,45.80901754074471
8.818308977699076,45.891321574306005
8.985893695914854,45.97167411781611
9.154094685340027,46.050009470508165
9.323357152553427,46.12628367669763
9.494143299361639,46.20045385876833
9.666885226844443,46.272499001085755
9.841983008861718,46.342403940980006
10.01950264471742,46.41016898158099
10.199189049836491,46.475811951504646
10.380511073661637,46.53936441157466
10.562765461813683,46.60088013239726
10.74547389323996,46.66042791782836
10.928054093913516,46.718066094170126
11.110102843033928,46.77384180997629
11.291612970738612,46.82779203270647
11.472799346159292,46.879945749533896
11.654003850866872,46.93032953095884
11.836241396076929,46.978965038572206
12.019539926379622,47.02586440084798
12.203772355849765,47.07104603429039
12.388654604811052,47.11452663433249
12.574057647066809,47.15631160842986
12.760532458433943,47.19640748721556
12.948509057341425,47.23481124567947
13.138169483205672,47.27151471982012
13.328892747169391,47.30651405747143
13.520103841518676,47.339809617697455
13.711472723805258,47.37140988474327
13.90296728873065,47.401337711394234
14.09510340225171,47.4296234672796
14.288232955019765,47.45629176884947
14.482368841261405,47.48136567556868
14.677356998300723,47.50485847998648
14.872936392147494,47.52677698327761
15.069029037403084,47.547117827229286
15.26576796022195,47.56587562275743
15.463395208573274,47.58304048145432
15.66222086645206,47.59859482731225
15.862516004486025,47.61252390516964
16.064217761125946,47.624797425991666
16.26717128497873,47.6353826782199
16.471237742854044,47.64424302382412
16.67636426850433,47.65134921968774
16.882604017528337,47.65666750959183
17.08998918248946,47.66015604095145
17.298477956731517,47.66177262130876
17.507987524844992,47.66147686987684
17.71842204400022,47.659234346098124
17.929681620888175,47.655021590927475
18.14164732565706,47.648823057970745
18.354248154462994,47.64063942112311
18.567494006157034,47.63049272608129
18.781422843595493,47.61839114729027
18.996043648311854,47.604338726043714
19.211289407234233,47.58833815458724
19.426995089952726,47.5703956750223
19.642955671072343,47.550516345745805
19.859032083166,47.528714528189646
20.075134189396522,47.50501980867846
20.291164751957524,47.47948374115472
20.507015473451077,47.45217082890213
20.72259703790735,47.423149662426866
20.93788312409916,47.39249012157581
21.153034358305433,47.360273944947835
21.368033327346495,47.32659105351477
21.582717555271785,47.29154470213361
21.79692054320853,47.25524312723712
22.010550800678715,47.217792909744915
22.223575900882338,47.17928690170403
22.435907509467455,47.139797698171336
22.647155387125082,47.099376507365776
22.856622412606185,47.058048127756706
23.06396456198169,47.015816979331156
23.26920287636608,46.97267415863445
23.47260847690859,46.92859391062106
23.674724523225734,46.88354272960292
23.87666216894297,46.837489718646154
24.07907955409223,46.79040590020135
24.28223678156735,46.74226946865916
24.486099888469994,46.693072267946114
24.69036285965612,46.64281689259966
24.894782587459673,46.59152622629754
25.09899091960429,46.539232578502386
25.302453645856957,46.485980496122124
25.504611519505403,46.4318224111584
25.70503927864536,46.3768143710267
25.903577649381276,46.32101564482673
26.10018636115521,46.26448504822115
26.2948451753486,46.20727448880392
26.487669893244174,46.149427498895264
26.678738353268557,46.09097943637044
26.86834341913797,46.031960646636534
27.056795004910953,45.9723905532956
27.24427303520295,45.912285982896734
27.431022470686855,45.851656060610445
27.61736128504424,45.79050724691889
27.803304427595236,45.72885061059922
27.988721830817894,45.66670055441919
28.173657393204707,45.604079280233364
28.358122013596528,45.54100883833134
28.54225761241659,45.47750688072236
28.726152202515408,45.413570811611244
28.90986694859319,45.34916491154319
29.093278081601653,45.28423861152882
29.276258878452893,45.21873132890558
29.458729624749083,45.15258069689724
29.640546661882013,45.08571205491001
29.82156926231852,45.01806575597051
30.001679633982633,44.94959625859389
30.180741998766933,44.880254938655135
30.358527556580498,44.809997744838924
30.534959496543337,44.738783323926185
30.710004924639804,44.666588524594545
30.883641836508986,44.59341424579018
31.055936135004288,44.51928179042146
31.22694358070561,44.44424341514105
31.39674282831379,44.3683744819952
31.565421454356056,44.291767394186714
31.732991026975355,44.214516205838684
31.899448091508503,44.13671990212829
32.06478720709211,44.05847445907861
32.22893697489462,43.97986654967775
32.39183503732568,43.90097388834465
32.55337709235218,43.821861996723975
32.7135058741886,43.742588612409975
32.87218912597123,43.663209587839944
33.02929159651575,43.58377930239537
33.184772029053505,43.50435356717766
33.338668161389705,43.42498955611493
33.491003740662904,43.34574237885614
33.64181852302883,43.26666521855735
33.79126028187545,43.18780775444755
33.93934481954034,43.109213059559245
34.08613696999424,43.03091743204973
34.23172359453335,42.9529512711829
34.37617457300448,42.875340898185904
34.51950484094917,42.798100381804254
34.66180739738647,42.721230149175504
34.80314331515913,42.64471448063391
34.943594699038385,42.56853075303798
35.08318368198556,42.49265006773689
35.222059395622665,42.417044109375176
35.360500006953885,42.34167715516293
35.49877467848566,42.26651444096376
35.63699355143689,42.19152547232112
35.77533076175871,42.116681048712046
35.9137554475644,42.04195102807375
36.05223772399228,41.967310272883616
36.19074768780919,41.892737645576815
36.329165413766844,41.81821659517687
36.46721394152988,41.74373784954122
36.604794281328196,41.669298953996105
36.74123640807841,41.594903831240096
36.876438263148884,41.52056501266261
37.0102207381986,41.44630567588552
37.14255464522543,41.37216668728294
37.273498758556144,41.298197317317815
37.4030147754616,41.2244633907647
37.531009366235594,41.151036479726585
37.657383215013795,41.07798512878092
37.782058959771064,41.00538798344291
37.90504426514292,40.93331807968562
38.02629278714883,40.86185020544566
38.14579416764988,40.79106231397158
38.263599075420956,40.72102663874068
38.37975613332932,40.65182540393907
38.4941839747992,40.58353823669993
38.60694225473193,40.516240411804816
38.7180266562612,40.45000091015447
38.82762989718586,40.38488161753077
38.935800715195086,40.320939758383496
39.04255088511141,40.25822438731036
39.14790618620239,40.19678362321987
39.25205042821949,40.136659310769
39.35502243622193,40.07788962867913
39.456904021036905,40.02051595313375
39.55777998886708,39.96458067408442
39.65774017801249,39.91011920452092
39.75680944123735,39.857163658927654
39.85498664076593,39.80574403239534
39.95220966702311,39.755884039912445
40.04848043272318,39.70760269046434
40.1435808529007,39.660917982603436
40.23743085032058,39.615846548720235
40.33001133332567,39.57240830133916
40.42112821210466,39.53062234923109
40.51080540832544,39.490505802445796
40.59896485391758,39.45207330258063
40.68553548992256,39.41533752340422
40.77060122359683,39.38031885050731
40.85425895287395,39.347039729166895
40.936629561655906,39.31552571485744
41.01779096185521,39.285796165622955
41.09784505594567,39.2578725497154
41.17691374619011,39.23177642724429
41.25506097220611,39.207521092016634
41.33235770109465,39.18511387005287
41.40892190864673,39.16456030325975
41.48479558064082,39.14586358450647
41.56002576710273,39.12901292977429
41.6346635317949,39.113994573447584
41.70875096613187,39.10078870863814
41.782331179889155,39.0893715330928
41.8554282371139,39.07972915718828
41.92807519716541,39.07184873262665
42.000322073294996,39.065727489083386
42.072225869494304,39.06136468836303
42.14389258923828,39.0587598173211
42.21537525952502,39.05790711944338
42.2867248568524,39.05881182891383
42.358076315496135,39.06148856562322
42.429532583848214,39.06594880252185
42.501140569555446,39.072212755264
42.572955221516,39.08029167634188
42.64510845566588,39.09020417182543
42.717641198086625,39.10196642985382
42.79059636106001,39.115597647720385
42.86407994806095,39.131097312280644
42.938168985834466,39.14845977724939
43.01290446016958,39.16768823090297
43.088379347120934,39.18878810032619
43.16477463100091,39.211763216798175
43.24214326072877,39.23662482362538
43.3205391025416,39.26340216851728
43.400208025244154,39.29212438102631
43.48114595998547,39.32280644262276
43.563341860952846,39.35545830267952
43.64701975793375,39.39007399007487
43.73227570962308,39.426640945862104
43.81918276117963,39.46514950542674
43.90805395063802,39.505592106434214
43.99903129946492,39.54796440112581
44.0921537796917,39.592272568560446
44.18750043182101,39.638507971670336
44.28516828238702,39.686665056027834
44.38534138456353,39.73673266684889
44.48825584609051,39.78868788830562
44.59400688642398,39.84248315722761
44.70270255035362,39.89810896975107
44.8145317302498,39.95558919368716
44.92969821728144,40.01496976550818
45.048436898740846,40.0762757642871
45.17056083171491,40.13949433128246
45.296055209262676,40.204583398044115
45.42490432090409,40.27147989175051
45.55705056223846,40.34009754692184
45.69164633260428,40.410347469694884
45.828555033027015,40.482142031763104
45.968256080999026,40.55539143408496
46.11115090861432,40.630002519406155
46.25774197445858,40.70587659441623
46.408363738889705,40.78291419420142
46.56336062541689,40.86102389969231
46.722295033647356,40.94011770011584
46.885806338050116,41.020115531195856
47.05501884367854,41.100953556053945
47.22950586275903,41.18256281423826
47.40908971867049,41.26487248895501
47.5929257280481,41.34781169992975
47.780424149723046,41.43132273794512
47.97161721300165,41.51535575050056
48.166563119358756,41.59986700444702
48.36305804360563,41.68481337743153
48.56065619253292,41.77014882149501
48.76042271106553,41.855844228410135
48.96371582830278,41.941852835862946
49.172689838434195,42.02811553763838
49.38825615898875,42.11454351882831
49.60934521461101,42.201041866003585
49.835069423433055,42.28751750162807
50.065032225965524,42.37387360333158
50.29853706129023,42.460012970870245
50.53567525454176,42.54586502294476
50.77663210689872,42.63136460993347
51.02110996137702,42.71643636393954
51.2690952268905,42.8009912216014
51.520478230693584,42.88495767845142
51.77492140808164,42.96824018308862
52.03217314292155,43.0507545789834
52.291896737304626,43.132434319021776
52.55370446171014,43.21321962177918
52.8173295623767,43.29305626151647
53.08266227929411,43.37189173356562
53.34939689126253,43.449664633139086
53.61706366044024,43.526316802175316
53.885372847087126,43.6017909093306
54.15412771966788,43.676028050419916
54.423214444728416,43.748991702234974
54.69272688349102,43.8207122961898
54.96305981133139,43.89123964596456
55.23446303271186,43.960616899335534
55.50723648476088,44.02885843402872
55.781713177744706,44.09596277950381
56.057998105963094,44.161931418002354
56.33532325455201,44.226765822142035
56.613184596677144,44.290470677038996
56.89138805630566,44.35306209149578
57.17002057740558,44.414552464966114
57.44882717185209,44.47493862628747
57.727722881877696,44.534211185160196
58.0069188154859,44.5923471109345
58.28684609673141,44.64932038343571
58.56673483018608,44.70510646637
58.84628416140379,44.759672977608325
59.12557219060517,44.81299827562716
59.40412200549312,44.86506216981399
59.680843700235954,44.91584165412268
59.955111345736555,44.96531985355986
60.227145967221304,45.01349178321465
60.49709854472596,45.06036213656927
60.76523397441224,45.10595413050413
61.031831092586714,45.15030404606275
61.2968547113106,45.193452722062005
61.56055064886709,45.235440287938296
61.82316470057489,45.27631187307531
62.08479968622544,45.31610695012802
62.345461458783404,45.35485754631617
62.6051149451319,45.39257950072033
62.863587147095615,45.42927201877276
63.12093012842638,45.46492133945072
63.37725400737878,45.49950196824493
63.63261493492709,45.532981162704544
63.88698608588541,45.56532079922271
64.14022670057057,45.5964682307522
64.39215204272782,45.626365608211984
64.6426873933136,45.65495158777963
64.89173005195141,45.68216069707441
65.13935734851623,45.707921290507244
65.38573156605773,45.73217211277816
65.63105094131714,45.754862073825265
65.87543569348693,45.77594372530008
66.11889698779464,45.79538111810396
66.36136794436177,45.81314794478837
66.60268863836188,45.82922747066174
66.84261410452919,45.84361157054302
67.08083935526639,45.85629684362581
67.31689137259806,45.867286117426524
67.55009611770421,45.87658629624055
67.77984252813613,45.88420957366181
68.00595550010345,45.890178145694236
68.22871888823155,45.89452431638793
68.44864250801902,45.897289427698844
68.66615311153978,45.898528440226485
68.88148837937496,45.89831144634781
69.09478295644922,45.89671606528909
69.30615046953704,45.89382381978397
69.51568354563454,45.88971613611569
69.72345585786692,45.884464353408276
69.92949607524119,45.878140604095776
70.13373989530245,45.870810593537925
70.33612405232839,45.86253203177172
70.53661633538408,45.85335077133993
70.73520158846992,45.84330074299079
70.93188875637657,45.83239398793362
71.12676390708998,45.820615901314056
71.31995318166045,45.80793606216157
71.51157680846612,45.794305022148784
71.70175505262824,45.77966533303268
71.8906142343192,45.76394757425408
72.07832872372683,45.747071545827936
72.26503294657533,45.728944864180654
72.45085834239919,45.70947213199169
72.63595635052198,45.688558043798
72.82055530841183,45.66612964755606
73.00475551814384,45.6421214032497
73.18858823659224,45.61647745384877
73.37200273068174,45.58913956572826
73.55477226000772,45.56005069689576
73.73666408422886,45.52915377780153
73.91744735275358,45.496415747828514
74.09687013254015,45.46182144971935
74.27486939210286,45.425377594048946
74.45139202177168,45.38710793714169
74.6263628432155,45.347051134120456
74.79937657594755,45.3052673242161
74.97021888694493,45.261828523782995
75.1386783512956,45.21682676274315
75.30446450817769,45.170361708096976
75.46768086964926,45.12253983638565
75.62863291808065,45.07347455184826
75.78778010666065,45.02328596596366
75.94522986932617,44.97209757346526
76.1011346579111,44.92002907580811
76.25578195038284,44.867194794548965
76.4093772347592,44.81370667464972
76.56215304010911,44.75966778517494
76.71424296084624,44.70516674064196
76.86573866531299,44.65027596283606
77.01666690520912,44.59504957519538
77.16686149397773,44.539527814869885
77.31607434696971,44.48372854262566
77.46411945236835,44.427653904155946
77.61090989376297,44.37128550007027
77.7563967773066,44.31460010556027
77.90053625043547,44.25756551887685
78.04334348752056,44.20014380931397
78.18483466751528,44.14229605076901
78.3250079603774,44.083985234446466
78.46378349095826,44.02518399320095
78.60110233336607,43.965876056221475
78.7368975434222,43.90604911591184
78.87114913052332,43.84570108043561
79.00389905748338,43.78484014260923
79.13515728286094,43.72347534826655
79.26502572290852,43.66162516569118
79.39356523460353,43.59932087472165
79.52084862886798,43.536603810205555
79.64689966661913,43.473526081823465
79.7718230803628,43.41014617121574
79.89563157601756,43.34652813741476
80.01840482664542,43.28274334710181
80.14008246085623,43.218872523849946
80.26052608971085,43.15500003294561
80.37943329384998,43.091216486369575
80.49633372457933,43.02759672465749
80.6113160778302,42.9642071558793
80.72431310629403,42.90110147174266
80.83543461131674,42.83832317701054
80.94513147331972,42.775899342806795
81.05352652566208,42.7138665336756
81.1608656738915,42.652245879253755
81.26721887593388,42.59104670094773
81.37260510862441,42.53027408596947
81.47700539972081,42.469921947117584
81.58037978179496,42.40998310075081
81.68260533422321,42.350439982124584
81.78364814462881,42.29127343528149
81.88343233322817,42.23245711143709
81.98189502928628,42.173962721535474
82.07901637539337,42.11575917404605
82.17475846840054,42.05782529466099
82.2691413861759,42.000144175417134
82.36219018357005,41.942703931263
82.45391986961081,41.8855026311128
82.54432738921511,41.82855226106136
82.6334776222827,41.77187911937146
82.72140541687932,41.71551636644572
82.80813057070756,41.65950809367761
82.89363982211054,41.60391124075853
82.97793588629818,41.54878782081318
83.06102748760296,41.494197874544604
83.14288033243943,41.44020524511997
83.22349915436772,41.3868679548919
83.30288065947568,41.33424998940675
83.38103159967406,41.282405380245095
83.45800072183758,41.231389351877816
83.53383782794535,41.18124513349523
83.60866574676353,41.132010289630955
83.6825823348793,41.08371627005999
83.75564649062713,41.03638534553002
83.82793715805914,40.99002987875178
83.89957531293484,40.94465542541065
83.9706329728663,40.90025831623597
84.04115621544716,40.85682176267939
84.11119816412625,40.81431900844817
84.18077797945378,40.77271514117613
84.24990285884965,40.73196719346694
84.31858203645552,40.69202420719441
84.38679776966265,40.652830100277406
84.45453734795919,40.614321813673
84.52179807909957,40.57643233430924
84.58857327088052,40.539094630742646
84.6548592356597,40.502240685318924
84.72065929490682,40.46580051255504
84.7859747747058,40.42970311779271
84.85082896416534,40.39388560733259
84.91522512964039,40.358289995565066
84.97916153294622,40.32285927390558
85.04263539916545,40.2875444290923
85.10565088900651,40.25231047986591
85.16820917239542,40.21712043120953
85.23030936875736,40.18194827880451
85.29198655580225,40.14677718358085
85.35322979335339,40.11159409515404
85.41403509982464,40.076394995194725
85.47440046145832,40.04118287448554
85.534322841543,40.00596571916346
85.59377718063516,39.970756414269445
85.65275039619999,39.93557289990625
85.71123441024295,39.90043213915154
85.76922409880919,39.86536110875616
85.8267043380491,39.830386739542185
85.88366001789203,39.79553296236331
85.94009102810875,39.760823776966404
85.99599623551646,39.72628817845271
86.05137451152515,39.69195416193405
86.10625273643527,39.657847851143856
86.16066078592266,39.62399638358366
86.21462554028776,39.590425882986914
86.26817090282705,39.55715745936118
86.32133978582223,39.524210309999766
86.37417310157625,39.49160362301024
86.42669676714311,39.45935551761754
86.47888070935326,39.42748185586662
86.5306808643704,39.3959964355232
86.58215417647878,39.36491151825473
86.63333458561252,39.33424026008189
86.68424005024573,39.30399174358156
86.73489150585684,39.274180065056484
86.78530691551279,39.24481330709408
86.83551324218584,39.21589959361764
86.88544045446426,39.187445603051955
86.9349325310288,39.159455618855446
86.98400545793234,39.131932714482524
87.03267320746986,39.104882954170165
87.08094475658206,39.07831137920155
87.12884307746899,39.05222409514954
87.1763901377486,39.026628202983616
87.22361190499643,39.00153082204476
87.27052834225853,38.9769400441061
87.31715938043087,38.952870960867
87.36350495521307,38.92933757217978
87.40960800185147,38.90635407539051
87.45550545565536,38.883934640287954
87.50123525192376,38.86209344125379
87.54683329841944,38.84085064342065
87.59232852594332,38.82022137982375
87.63775485146496,38.80022380643106
87.68314820571166,38.780873088427946
87.72854251943161,38.762184381814016
87.7739687325903,38.744170828831344
87.81945480814946,38.72684055799611
87.86503170903924,38.71020171160313
87.91072641660313,38.69425841361789
87.956552916915,38.679013728309016
88.00252720062028,38.664469729141466
88.0486662859112,38.65062249423632
88.09499418631319,38.63746913385429
88.14152792920433,38.62500372613754
88.18828254657646,38.61321934005309
88.23527207043205,38.602109039975026
88.28251153735593,38.5916648948809
88.33003000674958,38.58187403810125
88.37784252897652,38.57272553864525
88.4259571544741,38.564208433371945
88.47438292448308,38.556313763712154
88.52312788944081,38.54903056652491
88.57219910438798,38.542346874086924
88.62159863360378,38.5362486957316
88.67132952757831,38.530725045353606
88.72139585056956,38.52576194147211
88.7717996484852,38.52134939337833
88.82253397651354,38.517475369048704
88.87359087148215,38.514131831824585
88.92497437927747,38.51130880018296
88.97668352746732,38.50900026959424
89.02872333896337,38.50720126307554
89.08110982737551,38.505908854144536
89.1338540109592,38.50511909336506
89.18695991722959,38.50482599917191
89.24043156451583,38.50502558997879
89.29427298033315,38.50571188422048
89.34853819166923,38.50687912997564
89.40323823515095,38.50851937785028
89.45837812909733,38.510628650850975
89.51395989645138,38.51320195821622
89.57000958286781,38.5162294194663
89.62657421540811,38.51970525052971
89.68365583538704,38.523620460687134
89.74125646115513,38.52797105916652
89.79937613864107,38.532747046073325
89.85810190826308,38.537939821082794
89.91744082506196,38.54353741647162
89.9773919395698,38.54952882776297
90.03795230693291,38.555902041304755
90.09919200449181,38.56264037877769
90.16114009624087,38.56972997352286
90.22379366488352,38.5771528119515
90.28714779773722,38.58488987129961
90.35122658181345,38.59292226199665
90.41604009967855,38.60123203016123
90.4815814294852,38.60980214382251
90.54784064941796,38.61861555723105
90.61481082844367,38.627657238394896
90.6824810355715,38.63691213695062
90.75084133061429,38.64636720710657
90.81987876882383,38.6560103892819
90.88957940546217,38.66582961930291
90.95993629112493,38.67581386513549
91.03094448097923,38.6859511039418
91.10259001650863,38.69623227151649
91.17486796206626,38.706643345042856
91.24778335893521,38.71717534758019
91.32133826220891,38.72781628844083
91.39553772235624,38.73855519070516
91.4703947851689,38.749382114186076
91.54591251032261,38.76028407279932
91.6220939391217,38.77125208041844
91.698952108172,38.78227819683522
91.77649006337063,38.79335243593378
91.85473083662518,38.8044679034241
91.93370846432006,38.815616755548376
92.01342197402309,38.82679298777704
92.09388539314378,38.83799066447364
92.17512975350544,38.84920292809119
92.25716008720534,38.86042280166792
92.33997342642536,38.871643271499025
92.42353880823546,38.88285619528969
92.50786328767632,38.89404960531662
92.59294092911145,38.90520947417023
92.67871478366382,38.916324540172525
92.76519392013151,38.92737984481763
92.85238440734454,38.938360415821016
92.94027430972963,38.9492521982158
93.02887668226427,38.960043251835984
93.11819358463472,38.970720586004404
93.20822008119407,38.981270177904356
93.29896923151247,38.991679087380355
93.39043508617502,39.00193628699116
93.48261869109982,39.012031781435105
93.57546207445594,39.02195930438863
93.66894426402209,39.03171275946458
93.76307625968226,39.041292197184625
93.8578560660504,39.050696608373535
93.9532476880992,39.05992482769829
94.04925812116184,39.06897788729849
94.14583536578684,39.07785554834452
94.24294142237491,39.086557636307056
94.34058427706319,39.09508718789748
94.43879792949289,39.10344435927359
94.53758736123987,39.1116331733576
94.63695954926598,39.11965866224691
94.73691947973973,39.12752384887427
94.83746912508278,39.13523474236213
94.93850845879271,39.142796883359516
95.04003546711184,39.15021326264903
95.14210511730997,39.157491132765074
95.2447844040876,39.16463180141987
95.34808631812186,39.171637328299724
95.45221586184331,39.17850765495498
95.55718303055377,39.18524382730384
95.66289183445141,39.19184340445124
95.76927927420078,39.198306097045894
95.87630535940954,39.20462972139383
95.98383910064504,39.21081167584924
96.0918865070299,39.216849987990486
96.20065858552422,39.222743626935724
96.31018634498693,39.22849073508523
96.42051277118574,39.23409450990108
96.53167186835512,39.23955410755164
96.64355861463795,39.244874045732075
96.75595699853389,39.25005633234932
96.86885599260168,39.25510691681843
96.9820625621339,39.26003291262975
97.09558565651409,39.26484536100316
97.20932021714233,39.26955677954945
97.32326016140993,39.27418514052152
97.43731140304382,39.278749011988516
97.55142084155969,39.28327015029591
97.66569237022443,39.28777203286034
97.78021886404943,39.292282086534584
97.89507120746399,39.296825637149226
98.01038329341853,39.30142629990721
98.12614402557867,39.3061050240654
98.2422633314076,39.3108773960961
98.35875015569601,39.31575545720863
98.47568648380022,39.320742583987276
98.59308432937232,39.32583583157819
98.71115873148054,39.331027187544876
98.82995178153962,39.336296844999126
98.94931858671478,39.341621138216325
99.06920828073763,39.346970833265644
99.18947401213049,39.35231325533166
99.3100349470914,39.35761203277103
99.43108622594278,39.36283706152175
99.55278099863577,39.367956044642085
99.67530837340612,39.37294585043891
99.79885545851047,39.37778333803338
99.92340331844943,39.382454420308484
100.04892602239048,39.38694397800765
100.17535161702173,39.391241680549186
100.30259513079696,39.395341137601825
100.43062758239361,39.39923821601434
100.5594129630056,39.40293475042204
100.68893524983727,39.40643566728617
100.8191793879324,39.409752897587
100.95011131794209,39.4128992850296
101.08171095281259,39.415893737556026
101.21386918346471,39.41875975428954
101.34653788639687,39.421524114487276
101.47958192065371,39.42421719778386
101.61296711206475,39.426876847620676
101.74672829032417,39.42954022435816
101.88087329459702,39.4322423643702
102.01559896205467,39.43501917208438
102.15092516388572,39.43789873906295
102.28696977483779,39.44090860698061
102.4237306847032,39.44407276639846
102.56121678315762,39.44741525839928
102.69944600111816,39.45095116549663
102.83844228781012,39.45469159780355
102.97831863285595,39.45863907429405
103.11913007241836,39.46278584766074
103.26096369284446,39.46711331768432
103.4038176273489,39.471592475484925
103.54760106060652,39.476182903532624
103.69227320432205,39.48083841400463
103.83776828424257,39.48550970428788
103.98409653449946,39.490145820849065
104.13126918002754,39.49469781472664
104.27930142734814,39.4991207552884
104.42819346017635,39.503374642956224
104.57791943494416,39.507425358673935
104.72843648989144,39.51124270526423
104.8797147309709,39.51480354518339
105.03152025250787,39.51808680390912
105.18372213855613,39.52107387996438
105.33600146596618,39.52374730839017
105.48827031374506,39.52608968519259
105.64047576971652,39.52808176714956
105.79305388898925,39.52971255689259
105.9462117199017,39.53097200526325
106.1003282630493,39.53186085297249
106.25550848976721,39.53238558220913
106.41179032157575,39.53256336732318
106.56907262175409,39.53242374411762
106.72732225286373,39.53199656071113
106.8865000591583,39.53131563762287
107.04649590401166,39.53041046931994
107.20725070078143,39.52929978462221
107.36866742752633,39.52798813796786
107.53072113962466,39.52646341466154
107.69341897938168,39.524694647180354
107.85680714839881,39.52263804726072
108.02097386620605,39.520246019582096
108.18598427908975,39.517486863019
108.35197344992642,39.5143471977575
108.51901436876031,39.51082935905653
108.6871489478838,39.50695253961652
108.85640308138645,39.502739858609694
109.02675462252822,39.498223214655226
109.19817642462195,39.493434483407945
109.37059537820832,39.488397329334674
109.54400039154606,39.483131701702824
109.71841238633456,39.4776546967835
109.89388524258962,39.47199256231785
110.07050680781802,39.46617870213098
110.2483328747497,39.46025837294938
110.42740319954018,39.45428475792912
110.60748252287422,39.44831377714291
110.78804756550969,39.442405027862094
110.96857006203575,39.43661508442532
111.14838979436266,39.4309899150169
111.32692855731446,39.42557286446874
111.50375220849654,39.42039393913466
111.67848361409912,39.41548140718362
111.85085667129138,39.410857046667715
112.02153127666182,39.406544888664314
112.1912063309803,39.402568143383526
112.3613737542099,39.398947663250254
112.53284747805779,39.39570018672931
112.70594647160195,39.39283317888516
112.88055675900935,39.39034111618259
113.05599542096971,39.388204861855314
113.23185558578356,39.38639554688716
113.4077434459144,39.384870362117
113.5837652298882,39.38357979491716
113.76030021387291,39.38246458663144
113.93776369662126,39.38146064399995
114.11676398403623,39.38050276020914
114.29723137539307,39.379525614443196
114.47893115333594,39.37846712801939
114.66138252502478,39.377281092227946
114.844388648695,39.375932602630705
115.02818058621048,39.37440872032991
115.2130133302891,39.37271161649868
115.39913282322127,39.37085442085819
115.58642496516634,39.368858609588415
115.77476766555353,39.36674362214741
115.96404083838374,39.36452790718953
116.15416044780002,39.36221907882873
116.3451084848065,39.359819054372124
116.53691798579794,39.357319985469026
116.72967293611,39.35472525788948
116.92349027480103,39.35204840886298
117.11847683999193,39.349324929458206
117.3147374055242,39.346604301410444
117.51235972245414,39.343940928323306
117.71140253755155,39.341390080596454
117.9118625982396,39.33900674387114
118.1136657032122,39.33683457781037
118.31672269265758,39.334908173278954
118.52092147130631,39.33324801565316
118.72614897605015,39.33186758579022
118.93232117562493,39.330773497814626
119.13941103816526,39.329972627644864
119.34740556380828,39.32946491557354
119.55628977567656,39.32924529276023
119.76603471541185,39.32930462610643
119.97658743868763,39.32963067231621
120.18785501537806,39.330208004410245
120.39971253865909,39.331016048489815
120.61210311476802,39.33203154300353
120.82504984450557,39.33323259381961
121.03862482815575,39.334597531857234
121.2528931568904,39.33610665586436
121.4678758947883,39.337746062439074
121.68358307848703,39.339507797594514
121.90002472625267,39.341387907301645
122.11719783352393,39.34338737777129
122.33509537281728,39.34551217679003
122.55370031216208,39.347769226205116
122.772982601353,39.350169388114224
122.9929181993073,39.352721552193366
123.21353312871517,39.35542083791009
123.43489446235586,39.35825155315592
123.6570823601364,39.36117906573016
123.88022698143627,39.364168973076005
124.10445143059425,39.36719884035991
124.32983777104604,39.37025504434545
124.55642801612689,39.373334777965106
124.78421313378183,39.376444999809166
125.01314307401654,39.37959648011774
125.24316373635727,39.38281097064343
125.4742740151784,39.38611146655078
125.70643578228012,39.38952579301513
125.93962193231104,39.39307682578621
126.17384338248345,39.39678261519582
126.40895108844003,39.400652476799806
126.64467303008533,39.404690161282865
126.88074023322079,39.408889433213815
127.11678673385714,39.41324161167349
127.35233660590794,39.41772951061061
127.58718294800681,39.42233117952114
127.82140089255628,39.4270179631767
128.05485760170976,39.43175425109383
128.28717326778317,39.436497298411666
128.51849809587392,39.44120279453641
128.7499692806692,39.4458309620439
128.98288401976149,39.45034175838084
129.21757551631785,39.45469171344992
129.45356697286329,39.458835636902315
129.6906335617073,39.462735495730946
129.92902445015991,39.46635543395245
130.16911576744903,39.46966817879447
130.4111746209874,39.472650956808316
130.65531506468724,39.47529229170853
130.90139310466023,39.47759052213137
131.14899169937573,39.47955373274164
131.3976187392012,39.48120466358014
131.6468381047275,39.482568311867695
131.89623663956004,39.48367778037694
132.14543418695618,39.48456632344543
132.39412057565605,39.48527051688047
132.64204261083452,39.485832198230646
132.88902808303348,39.48629657703592
133.1350247218215,39.48672241384441
133.3800742603688,39.48716790094519
133.6243084630464,39.487684644060124
133.8679341347702,39.48831559347178
134.1111781307666,39.48909279143627
134.3542033987949,39.49002798647655
134.5970650025753,39.491107431348496
134.83973910311155,39.492296016192235
135.08222191171816,39.493547723121424
135.3245636712903,39.49480978233893
135.56685559214057,39.49603661228175
135.80924179216484,39.497202874598386
136.0519633423073,39.49829367634099
136.29532729903733,39.49929742765991
136.53959173771258,39.50019831369674
136.78486873982368,39.50097884904356
137.031150369755,39.50162499710502
137.2783736695072,39.50212746862479
137.52640366806142,39.50247964362775
137.77513636651437,39.50268104445469
138.0244977702396,39.50273033124324
138.2742228728463,39.5026282868599
138.52406267696082,39.50237376767829
138.77422118502446,39.50196671065587
139.0250773884467,39.501409856482496
139.27655328805028,39.50070284691375
139.5277009122058,39.499837327944384
139.7767963204324,39.49879638154929
140.02234658818483,39.49756015070014
140.2639597838979,39.496112835136785
140.50212498049277,39.494439680955416
140.73803722048004,39.49253417677068
140.9735745391662,39.49039294813225
141.2099359560555,39.48801450197353
141.44686949676995,39.48539268094225
141.68405015095883,39.48252899232172
141.92156187640038,39.47943282181868
142.15942459021178,39.47612226110085
142.39764818205853,39.47262135584383
142.63638648037997,39.46896781296044
142.8756492921697,39.46520367793648
143.11529239389554,39.461377288880826
143.35529856987168,39.457535567218855
143.5957766122689,39.45372401309952
143.83684034076262,39.449982149699466
144.07864659753906,39.446344697741786
144.3213402524684,39.44284032289832
144.56490119553249,39.4394929330584
144.8091003051389,39.4363284761684
145.05353345694837,39.43337309641066
145.29775153628165,39.43065073130916
145.54150946305126,39.42817825541917
145.78476222395292,39.425958462029584
146.02754989664382,39.42397453503478
146.2699756729385,39.42218494794409
146.5121068874101,39.420517009250226
146.7538899493944,39.41888147187654
146.99532426766794,39.41718933216887
147.23657724004963,39.41535435805528
147.47786121336205,39.41330152402733
147.7192684713934,39.41096925328363
147.96076224877046,39.408306376425635
148.20224477617072,39.40526244387877
148.44354028509454,39.40178664782403
148.6843909803496,39.39783380376323
148.9246020614863,39.39336001653886
149.16414169877865,39.388328139569126
149.40309701072388,39.38271257270855
149.64162406456975,39.376499032604166
149.87993088108666,39.36968347462714
150.11826945302406,39.362268056171935
150.35695075873,39.354258205581125
150.59628181793104,39.345650332920705
150.8363946430134,39.336442044482084
151.07711826793084,39.326625554957126
151.31807372423813,39.3161931237087
151.55888802964793,39.30514003762532
151.79936419542403,39.2934633919313
152.0395162581615,39.281155251011285
152.27947929910843,39.26819823509353
152.5194964626739,39.25456146058469
152.7598009255225,39.240206998036456
153.0004438662385,39.22509608209689
153.24122041099199,39.209200771510986
153.4817606417641,39.19250236709354
153.72175156644917,39.174998431284564
153.96117412094728,39.156702876671766
154.20035521913766,39.13763520493606
154.43984773577293,39.117823955664235
154.68024053604015,39.097299833765554
154.92194651453983,39.0760867358662
155.1650175788661,39.05420490058482
155.4091386910055,39.03166188107023
155.65388487381207,39.008451725391865
155.89893716739348,38.98456496850633
156.14411364256242,38.9599857746682
156.3893923776299,38.93469704301349
156.63489743099538,38.90868634319608
156.880765837957,38.88194630452449
157.126899576584,38.85448147684405
157.37287355490847,38.826310907960504
157.61818564043884,38.79746229193315
157.86257964297468,38.767976452542484
158.10613735956414,38.737897765940346
158.34929759726916,38.70726924796731
158.59266917973,38.67613069529526
158.83663593296004,38.64452087119873
159.08095469417853,38.61247465922888
159.32479826542894,38.58003326060179
159.56727241271787,38.54724556872634
159.80787282445263,38.51417826806474
160.04665215560854,38.48090660124843
160.28401404368006,38.44751042297703
160.52037911679653,38.41407166600803
160.75602604592106,38.38066261100523
160.99115652120028,38.34735118502314
161.22599026474117,38.31419839786188
161.46069600378158,38.28126402509537
161.695342498764,38.24860038308366
161.92987454818197,38.21625121875445
162.16411402071955,38.18424471426974
162.39778785954863,38.152592615636976
162.63059106788634,38.12129352202867
162.86230669394993,38.09033643689596
163.09288581174255,38.05970513535664
163.32250250210055,38.02938241676116
163.55146685361197,37.99934970511236
163.78007700091993,37.96957836940402
164.0086041432526,37.94002565476989
164.23724554491915,37.910634466618504
164.4660705037288,37.88134012254396
164.6950002914945,37.852083260331256
164.9238801486808,37.8228111686329
165.15259122351475,37.793491301234056
165.38112860790673,37.76410363538126
165.60957632393516,37.73464355692896
165.83808431490328,37.705123754682106
166.0668014873822,37.67556491276845
166.29582170259394,37.64599746260202
166.5251537905073,37.616458445128444
166.7547385680294,37.586987588946094
166.984473852521,37.55762442515962
167.21427546115305,37.52840856754545
167.44408420164692,37.49938174468085
167.6738758721693,37.47058784587269
167.90365725678092,37.442073902775405
168.13347513912092,37.41388713075846
168.3634102932841,37.3860769013281
168.59356650690106,37.358689691658356
168.82405255836412,37.33177400186656
169.0549642537599,37.305372272425906
169.2862924232468,37.27952146161027
169.51793189799596,37.2542580867773
169.74971856950796,37.22960539444202
169.98146133875414,37.205584507132876
170.21299916150375,37.1822046852912
170.444219029763,37.15946740990077
170.67504693971952,37.13737334107815
170.90543791021926,37.11591827218607
171.13537394145223,37.095102120552724
171.36480503394577,37.07492465653428
171.59369917425877,37.05538873312701
171.8220603393847,37.0364993686497
172.0499244692363,37.0182697283088
172.27733049910202,37.000713991078854
172.50425532358847,36.98385505108111
172.7305718200271,36.9677193247354
172.95603385322656,36.95233568187755
173.18044925986825,36.93773924029545
173.40375886604508,36.923967728608574
173.62602049202312,36.91106041279244
173.84737198018914,36.89905192630547
174.06798515879237,36.88798005873227
174.28802587451716,36.87787857214236
174.5076159791046,36.86878002652924
174.7267953251608,36.86071660527047
174.94547850481607,36.85377691703279
175.16349678164707,36.847903186221174
175.3806930746379,36.84311269156407
175.59695831604498,36.83941993227969
175.81224144210606,36.836838673983614
176.0265474068395,36.83537893953477
176.239928168361,36.835049967667835
176.45245469377156,36.83585908440325
176.66419795476523,36.837812615772
176.87519394636914,36.84091172710711
177.08544666394837,36.84515743676955
177.2949311215452,36.850546629969024
177.50360934252492,36.857074132228945
177.7114333641367,36.864731723175595
177.91833922839155,36.87351010895977
178.1243130043301,36.88339422543939
178.32936075618963,36.8943701003194
178.53350357560592,36.90641783026114
178.73676055882916,36.91951650275079
178.93916282035426,36.9336412604312
179.14069548894,36.94876403470456
179.3412997075878,36.96485355491808
179.54090963315164,36.98187551830048
179.73947544068815,36.99979169560871
179.93697831411302,37.018562
